CASE_ID,ACCIDENT_YEAR,PROC_DATE,JURIS,COLLISION_DATE,COLLISION_TIME,OFFICER_ID,REPORTING_DISTRICT,DAY_OF_WEEK,CHP_SHIFT,POPULATION,CNTY_CITY_LOC,SPECIAL_COND,BEAT_TYPE,CHP_BEAT_TYPE,CITY_DIVISION_LAPD,CHP_BEAT_CLASS,BEAT_NUMBER,PRIMARY_RD,SECONDARY_RD,DISTANCE,DIRECTION,INTERSECTION,WEATHER_1,WEATHER_2,STATE_HWY_IND,CALTRANS_COUNTY,CALTRANS_DISTRICT,STATE_ROUTE,ROUTE_SUFFIX,POSTMILE_PREFIX,POSTMILE,LOCATION_TYPE,RAMP_INTERSECTION,SIDE_OF_HWY,TOW_AWAY,COLLISION_SEVERITY,NUMBER_KILLED,NUMBER_INJURED,PARTY_COUNT,PRIMARY_COLL_FACTOR,PCF_CODE_OF_VIOL,PCF_VIOL_CATEGORY,PCF_VIOLATION,PCF_VIOL_SUBSECTION,HIT_AND_RUN,TYPE_OF_COLLISION,MVIW,PED_ACTION,ROAD_SURFACE,ROAD_COND_1,ROAD_COND_2,LIGHTING,CONTROL_DEVICE,CHP_ROAD_TYPE,PEDESTRIAN_ACCIDENT,BICYCLE_ACCIDENT,MOTORCYCLE_ACCIDENT,TRUCK_ACCIDENT,NOT_PRIVATE_PROPERTY,ALCOHOL_INVOLVED,STWD_VEHTYPE_AT_FAULT,CHP_VEHTYPE_AT_FAULT,COUNT_SEVERE_INJ,COUNT_VISIBLE_INJ,COUNT_COMPLAINT_PAIN,COUNT_PED_KILLED,COUNT_PED_INJURED,COUNT_BICYCLIST_KILLED,COUNT_BICYCLIST_INJURED,COUNT_MC_KILLED,COUNT_MC_INJURED,PRIMARY_RAMP,SECONDARY_RAMP,LATITUDE,LONGITUDE,COUNTY,CITY,POINT_X,POINT_Y
5796717,2012,11/16/13,4006,8/7/12,1430,88907,,2,5,4,4006,0,0,0,,0,0Z2,HIGH,PARKER,34,W,N,A,-,N,,,,,,,,,,N,4,0,1,2,A,-,5,21650,1,N,D,G,A,A,H,-,A,A,0,,Y,,,Y,,L,4,0,0,1,0,0,0,1,0,0,- ,- ,,,SAN LUIS OBISPO,SAN LUIS OBISPO,-120.6692064,35.27217989
5798185,2012,12/17/13,4006,10/4/12,1105,54160,,4,5,4,4006,0,0,0,,0,,BROAD,SOUTH,0,,Y,A,-,N,,,,,,,,,,Y,3,0,2,2,A,-,12,21453,A,N,D,C,A,A,H,-,A,A,0,,,,,Y,,A,7,0,2,0,0,0,0,0,0,0,- ,- ,,,SAN LUIS OBISPO,SAN LUIS OBISPO,-120.6565926,35.26977492
5798197,2012,12/18/13,4006,10/8/12,1157,27940,,1,5,4,4006,0,0,0,,0,,CALIFORNIA,FOOTHILL,77,S,N,A,-,N,,,,,,,,,,N,3,0,1,2,A,-,8,22107,,N,B,G,A,A,H,-,A,A,0,,Y,,,Y,,L,4,0,1,0,0,0,0,1,0,0,- ,- ,,,SAN LUIS OBISPO,SAN LUIS OBISPO,-120.6637605,35.29488408
5801067,2012,12/10/13,4006,9/16/12,1251,87540,SLO,7,5,4,4006,0,0,0,,0,ZONE 2,LOS OSOS VALLEY RD,ROYAL,364,S,N,A,-,N,,,,,,,,,,N,4,0,2,3,A,-,9,21804,A,N,D,C,A,A,H,-,A,D,0,,,,,Y,,A,8,0,0,2,0,0,0,0,0,0,- ,- ,,,SAN LUIS OBISPO,SAN LUIS OBISPO,-120.6918283,35.25773266
5811588,2012,3/22/14,4006,10/2/12,910,25950,,2,5,4,4006,0,0,0,,0,,PACIFIC,ARCHER,184,E,N,A,-,N,,,,,,,,,,N,3,0,1,2,A,I,- ,,,N,H,G,A,A,H,-,A,D,0,,Y,,,Y,,L,4,0,1,0,0,0,0,1,0,0,- ,- ,,,SAN LUIS OBISPO,SAN LUIS OBISPO,-120.6679866,35.27453473
5811590,2012,12/23/13,4006,10/5/12,838,54160,,5,5,4,4006,0,0,0,,0,,MADONNA,RT 101,336,W,N,A,-,N,,,,,,,,,,Y,4,0,1,3,A,-,3,22350,,N,C,C,A,A,H,-,A,A,0,,,,,Y,,D,22,0,0,1,0,0,0,0,0,0,- ,SF,,,SAN LUIS OBISPO,SAN LUIS OBISPO,-120.6745537,35.26541152
5813491,2012,11/23/13,4006,8/14/12,1534,27940,,2,5,4,4006,0,0,0,,0,,OLIVE,SANTA ROSA,0,,Y,A,-,N,,,,,,,,,,N,3,0,1,2,A,-,8,22107,,N,F,G,A,A,H,-,A,A,0,,Y,,,Y,,A,1,0,1,0,0,0,0,1,0,0,- ,- ,,,SAN LUIS OBISPO,SAN LUIS OBISPO,-120.6643526,35.28752495
5813495,2012,11/23/13,4006,8/7/12,1440,25950,,2,5,4,4006,0,0,0,,0,,BROAD,LAWRENCE DR,0,,Y,A,-,N,,,,,,,,,,Y,3,0,1,2,A,-,8,22100,A,N,B,C,A,A,H,-,A,D,0,,,Y,,Y,,A,7,0,1,0,0,0,0,0,0,1,- ,- ,,,SAN LUIS OBISPO,SAN LUIS OBISPO,-120.6522926,35.26426488
5813499,2012,11/23/13,4006,8/23/12,1253,88907,,4,5,4,4006,0,0,0,,0,,OSOS,BUCHON,0,,Y,A,-,N,,,,,,,,,,N,3,0,1,1,-,-,- ,,,N,H,G,A,A,H,-,A,A,0,,Y,,,Y,,-,- ,0,1,0,0,0,0,1,0,0,- ,- ,,,SAN LUIS OBISPO,SAN LUIS OBISPO,-120.6580326,35.27805488
5813503,2012,11/23/13,4006,8/20/12,1610,27940,,1,5,4,4006,0,0,0,,0,,S HIGUERA,LOS OSOS VALLEY,0,,Y,A,-,N,,,,,,,,,,Y,3,0,2,2,A,-,1,23152,A,N,C,C,A,A,H,-,A,A,0,,,,,Y,Y,A,1,0,1,1,0,0,0,0,0,0,- ,- ,,,SAN LUIS OBISPO,SAN LUIS OBISPO,-120.6766626,35.24201483
5813507,2012,11/23/13,4006,8/16/12,1154,27940,,4,5,4,4006,0,0,0,,0,,RT 101,LOS OSOS VALLEY,0,,Y,A,-,Y,SLO,5,101,-,-,26.07,R,4,S,N,3,0,1,2,A,-,10,21950,A,N,G,B,B,A,H,-,A,A,0,Y,,,,Y,,A,1,0,1,0,0,1,0,0,0,0,EO,- ,,,SAN LUIS OBISPO,SAN LUIS OBISPO,-120.6805526,35.24767487
5813511,2012,11/23/13,4006,8/29/12,1857,88945,,3,5,4,4006,0,0,0,,0,,PISMO ST,SANTA ROSA,8,W,N,A,-,N,,,,,,,,,,N,3,0,1,2,A,-,10,21950,A,N,G,B,B,A,H,-,A,A,0,Y,,,,Y,,A,1,0,1,0,0,1,0,0,0,0,- ,- ,,,SAN LUIS OBISPO,SAN LUIS OBISPO,-120.6574737,35.27964121
5813515,2012,11/23/13,4006,8/28/12,912,54160,,2,5,4,4006,0,0,0,,0,,JOHNSON,HIGUERA,0,,Y,A,-,N,,,,,,,,,,Y,4,0,1,2,A,-,9,21801,A,N,D,C,A,A,H,-,A,A,0,,,,,Y,,A,1,0,0,1,0,0,0,0,0,0,- ,- ,,,SAN LUIS OBISPO,SAN LUIS OBISPO,-120.6566226,35.28364487
5813519,2012,11/23/13,4006,8/7/12,1855,54160,,2,5,4,4006,0,0,0,,0,,NIPOMO,MONTEREY,0,,Y,A,-,N,,,,,,,,,,N,3,0,1,2,A,-,9,21802,A,N,D,G,A,A,H,-,A,A,0,,Y,,,Y,,A,1,0,1,0,0,0,0,1,0,0,- ,- ,,,SAN LUIS OBISPO,SAN LUIS OBISPO,-120.6665027,35.27902491
5814519,2012,3/15/13,9745,12/31/12,617,15734,,1,1,4,4006,0,1,2,,2,202,RT 101,PRADO RD,676,N,N,A,-,Y,SLO,5,101,-,-,27.05,H,-,N,Y,3,0,1,2,A,-,3,22350,,F,C,C,A,A,H,-,C,D,1,,,,,Y,,D,22,0,1,0,0,0,0,0,0,0,- ,- ,35.2591,-120.67351,SAN LUIS OBISPO,SAN LUIS OBISPO,-120.6734981,35.25998704
5815735,2012,4/16/13,4006,12/3/12,1440,27940,,1,5,4,4006,0,0,0,,0,,FOOTHILL,CALIFORNIA,230,W,N,A,-,N,,,,,,,,,,N,4,0,1,2,A,-,4,21703,,N,C,C,A,A,H,-,A,A,0,,,,,Y,,A,1,0,0,1,0,0,0,0,0,0,- ,- ,,,SAN LUIS OBISPO,SAN LUIS OBISPO,-120.6646061,35.29478039
5815739,2012,4/16/13,4006,12/1/12,1330,59350,,6,5,4,4006,0,0,0,,0,,MADONNA,OCEANAIRE,0,,Y,B,-,N,,,,,,,,,,N,4,0,1,2,A,-,10,21950,A,N,G,B,B,A,H,-,A,A,0,Y,,,,Y,,A,1,0,0,1,0,1,0,0,0,0,- ,- ,,,SAN LUIS OBISPO,SAN LUIS OBISPO,-120.6843026,35.25951492
5821363,2012,12/19/13,9745,10/1/12,1939,17238,,1,2,4,4006,0,1,2,,2,202,RT 101,MADONNA RD,1422,S,N,A,-,Y,SLO,5,101,-,-,27.23,H,-,S,Y,2,0,1,1,A,-,3,22350,,N,F,A,A,A,H,-,C,D,1,,,Y,,Y,,C,2,1,0,0,0,0,0,0,0,1,- ,- ,35.25862,-120.67404,SAN LUIS OBISPO,SAN LUIS OBISPO,-120.6736825,35.26155559
5827292,2012,12/4/13,9745,9/9/12,1522,15734,,7,2,4,4006,0,1,2,,2,202,RT 101,BROAD ST,1584,S,N,A,-,Y,SLO,5,101,-,-,28.43,H,-,S,Y,3,0,1,1,A,-,8,22107,,N,E,I,A,A,H,-,A,D,1,,,,,Y,,A,7,0,1,0,0,0,0,0,0,0,- ,- ,35.28026,-120.66949,SAN LUIS OBISPO,SAN LUIS OBISPO,-120.6699081,35.27934813
5830067,2012,12/2/13,4006,9/10/12,1406,27940,,1,5,4,4006,0,0,0,,0,,ORCUTT,TANK FARM,0,,Y,A,-,N,,,,,,,,,,N,4,0,1,2,A,-,9,21802,A,N,D,G,A,A,H,-,A,A,0,,Y,,,Y,,A,1,0,0,1,0,0,0,1,0,0,- ,- ,,,SAN LUIS OBISPO,SAN LUIS OBISPO,-120.6252226,35.25029493
5836915,2012,12/3/13,4006,9/23/12,1754,16380,,7,5,4,4006,0,0,0,,0,,CHORRO,FOOTHILL,122,S,N,A,-,N,,,,,,,,,,N,4,0,1,2,A,-,11,21954,A,N,G,B,D,A,H,-,A,D,0,Y,,,,Y,,N,60,0,0,1,0,1,0,0,0,0,- ,- ,,,SAN LUIS OBISPO,SAN LUIS OBISPO,-120.6706591,35.29390466
5836919,2012,12/4/13,4006,9/26/12,1626,27940,,3,5,4,4006,0,0,0,,0,,SANTA ROSA,PACIFIC,75,N,N,A,-,N,,,,,,,,,,,3,0,1,2,A,-,8,21717,,N,D,G,A,A,H,-,A,A,0,,Y,,,Y,,A,1,0,1,0,0,0,0,1,0,0,- ,- ,,,SAN LUIS OBISPO,SAN LUIS OBISPO,-120.6583143,35.28067032
5836923,2012,12/4/13,4006,9/18/12,2101,59350,,2,5,4,4006,0,0,0,,0,,S HIGUERA,SUBURBAN,0,,Y,A,-,N,,,,,,,,,,N,3,0,1,2,A,-,11,21453,D,N,G,B,B,A,H,-,C,A,0,Y,,,,Y,Y,N,60,0,1,0,0,1,0,0,0,0,- ,- ,,,SAN LUIS OBISPO,SAN LUIS OBISPO,-120.6753626,35.24398484
5836927,2012,12/4/13,4006,9/15/12,1010,68823,,6,5,4,4006,0,0,0,,0,,SOUTH HIGUERA ST,GRANADA,200,N,N,A,-,N,,,,,,,,,,Y,4,0,1,2,A,-,4,21703,,N,C,C,A,A,H,-,A,D,0,,,,,Y,,A,7,0,0,1,0,0,0,0,0,0,- ,- ,,,SAN LUIS OBISPO,SAN LUIS OBISPO,-120.6708028,35.25167605
5836931,2012,12/3/13,4006,9/19/12,1214,27940,,3,5,4,4006,0,0,0,,0,,VACHELL,HIGUERA,659,E,N,A,-,N,,,,,,,,,,,3,0,1,2,A,-,8,22107,,N,B,G,A,A,H,-,A,A,0,,Y,,,Y,,L,4,0,1,0,0,0,0,1,0,0,- ,- ,,,SAN LUIS OBISPO,SAN LUIS OBISPO,-120.6757647,35.24135623
5837404,2012,12/3/13,9745,9/21/12,1615,11589,,5,2,4,4006,0,1,3,,1,41,RT 1,21ST ST,0,,Y,A,-,Y,SLO,5,1,-,-,11.93,I,5,N,N,3,0,2,2,A,-,9,21802,A,N,D,C,A,A,H,-,A,A,0,,Y,Y,,Y,,L,4,0,2,0,0,0,0,1,0,1,- ,- ,35.09809,-120.60926,SAN LUIS OBISPO,SAN LUIS OBISPO,-120.609553,35.09817011
5838992,2012,1/31/14,4006,9/27/12,1456,58620,,4,5,4,4006,0,0,0,,0,,CALIFORNIA ST,N PERIMETER,0,,N,A,-,N,,,,,,,,,,N,3,0,1,2,A,-,8,22107,,N,D,G,A,A,H,-,A,D,0,,Y,,,Y,,L,4,0,1,0,0,0,0,1,0,0,- ,- ,,,SAN LUIS OBISPO,SAN LUIS OBISPO,-120.666411,35.301699
5848144,2012,12/10/13,4006,9/26/12,943,54160,,3,5,4,4006,0,0,0,,0,,TAFT,CALIFORNIA,11,E,N,A,-,N,,,,,,,,,,Y,4,0,1,2,A,-,21,22106,,N,C,C,A,A,H,-,A,A,0,,,,,Y,,A,7,0,0,1,0,0,0,0,0,0,- ,- ,,,SAN LUIS OBISPO,SAN LUIS OBISPO,-120.6603359,35.29097648
5848145,2012,12/10/13,4006,9/25/12,800,54160,,2,5,4,4006,0,0,0,,0,,RT 1,OLIVE,0,,Y,A,-,Y,SLO,5,1,-,-,16.84,H,-,N,N,3,0,1,2,A,-,8,21717,,N,B,G,A,A,H,-,A,A,0,,Y,,,Y,,A,8,0,1,0,0,0,0,1,0,0,- ,- ,,,SAN LUIS OBISPO,SAN LUIS OBISPO,-120.6633556,35.28569803
5848146,2012,12/10/13,4006,9/28/12,2005,62657,,5,5,4,4006,0,0,0,,0,,LOS OSOS VALLEY RD,CALLE JOAQUIN,0,,Y,A,-,N,,,,,,,,,,Y,4,0,2,2,D,-,0,,,N,D,C,A,A,H,-,C,A,0,,,,,Y,,-,- ,0,0,2,0,0,0,0,0,0,- ,- ,,,SAN LUIS OBISPO,SAN LUIS OBISPO,-120.6830526,35.24676494
5848147,2012,3/17/14,4006,9/28/12,1610,25950,,5,5,4,4006,0,0,0,,0,,CASA,MURRAY,0,N,N,A,-,N,,,,,,,,,,N,4,0,1,2,A,-,6,21750,,N,B,G,A,A,H,-,A,D,0,,Y,,,Y,,A,1,0,0,1,0,0,0,1,0,0,- ,- ,,,SAN LUIS OBISPO,SAN LUIS OBISPO,-120.6648126,35.29095485
5848148,2012,12/10/13,4006,9/29/12,1303,87540,SLO,6,5,4,4006,0,0,0,,0,ZONE 1,CHORRO,CENTER,0,,Y,A,-,N,,,,,,,,,,N,3,0,1,2,A,-,- ,,,M,G,B,E,A,H,-,A,D,0,Y,,,,Y,,-,- ,0,1,0,0,1,0,0,0,0,- ,- ,,,SAN LUIS OBISPO,SAN LUIS OBISPO,-120.6686527,35.28693485
5848625,2012,1/7/14,4006,11/2/12,1452,25950,,5,5,4,4006,0,0,0,,0,,FOOTHILL,SANTA ROSA,62,W,N,A,-,N,,,,,,,,,,N,4,0,1,2,A,-,21,22106,,N,C,C,A,A,H,-,A,D,0,,,,,Y,,I,11,0,0,1,0,0,0,0,0,0,- ,- ,,,SAN LUIS OBISPO,SAN LUIS OBISPO,-120.6683304,35.29406849
5848628,2012,1/7/14,4006,11/2/12,1232,25950,,5,5,4,4006,0,0,0,,0,,MONTEREY,BUENA VISTA,238,W,N,A,-,N,,,,,,,,,,N,3,0,1,2,A,-,7,21658,A,N,C,G,A,A,H,-,A,D,0,,Y,,,Y,,L,4,0,1,0,0,0,0,1,0,0,- ,- ,,,SAN LUIS OBISPO,SAN LUIS OBISPO,-120.6508396,35.28939417
5855584,2012,12/24/13,4006,10/16/12,1618,25950,,2,5,4,4006,0,0,0,,0,,BROAD,ORCUTT,88,N,N,A,-,N,,,,,,,,,,N,4,0,1,2,A,-,3,22350,,N,C,C,A,A,H,-,A,A,0,,,,,Y,,A,7,0,0,1,0,0,0,0,0,0,- ,- ,,,SAN LUIS OBISPO,SAN LUIS OBISPO,-120.6501853,35.26148165
5855585,2012,12/24/13,4006,10/7/12,819,88945,,7,5,4,4006,0,0,0,,0,,SOUTHWOOD,FERNWOOD,30,E,N,A,-,N,,,,,,,,,,Y,4,0,1,3,A,-,8,22107,,N,A,C,A,A,H,-,A,D,0,,,,,Y,,A,1,0,0,1,0,0,0,0,0,0,- ,- ,,,SAN LUIS OBISPO,SAN LUIS OBISPO,-120.6380022,35.26490484
5855586,2012,12/24/13,4006,10/11/12,1331,54160,,4,5,4,4006,0,0,0,,0,,MURRAY,CHORRO,30,E,N,C,-,N,,,,,,,,,,N,4,0,3,2,A,-,3,22350,,N,C,C,A,B,H,-,A,A,0,,,,,Y,,A,1,0,0,3,0,0,0,0,0,0,- ,- ,,,SAN LUIS OBISPO,SAN LUIS OBISPO,-120.6696922,35.29079626
5857401,2012,12/18/13,4006,10/1/12,905,88907,,1,5,4,4006,0,0,0,,0,21,SLACK ST,LONGVIEW,0,,Y,A,-,N,,,,,,,,,,N,3,0,1,2,A,-,10,21950,A,N,G,B,B,A,H,-,A,A,0,Y,,,,Y,,A,1,0,1,0,0,1,0,0,0,0,- ,- ,,,SAN LUIS OBISPO,SAN LUIS OBISPO,-120.6581626,35.29608493
5857402,2012,12/18/13,4006,10/2/12,836,88907,,2,5,4,4006,0,0,0,,0,1-Feb,SANTA ROSA,PEACH ST,15,S,N,A,-,N,,,,,,,,,,Y,4,0,1,3,A,-,3,22350,,N,C,C,A,A,H,-,A,A,0,,,,,Y,,A,7,0,0,1,0,0,0,0,0,0,- ,- ,,,SAN LUIS OBISPO,SAN LUIS OBISPO,-120.6622031,35.28509152
5858032,2012,1/2/14,4006,11/13/12,1757,27940,,2,5,4,4006,0,0,0,,0,,MILL,JOHNSON,265,W,N,A,-,N,,,,,,,,,,N,3,0,1,2,A,-,14,21201,D,N,D,G,A,A,H,-,C,A,0,,Y,,,Y,,L,4,0,1,0,0,0,0,1,0,0,- ,- ,,,SAN LUIS OBISPO,SAN LUIS OBISPO,-120.6594521,35.28553834
5858048,2012,1/2/14,4006,11/20/12,1630,54160,,2,5,4,4006,0,0,0,,0,,FOOTHILL,RT 1,35,E,N,A,-,Y,SLO,5,1,-,-,17.341,I,5,N,N,3,0,1,2,A,-,10,21950,A,F,G,B,B,A,H,-,A,A,0,Y,,,,Y,,D,22,0,1,0,0,1,0,0,0,0,- ,- ,,,SAN LUIS OBISPO,SAN LUIS OBISPO,-120.6679126,35.29406488
5861622,2012,2/3/14,4006,10/1/12,1511,27940,,1,5,4,4006,0,0,0,,0,,BROAD,LEFF,0,,Y,A,-,N,,,,,,,,,,N,3,0,1,2,A,-,- ,,,N,B,G,A,A,H,-,A,A,0,,Y,,,Y,,A,1,0,1,0,0,0,0,1,0,0,- ,- ,,,SAN LUIS OBISPO,SAN LUIS OBISPO,-120.6604026,35.2743049
5862440,2012,1/8/14,4006,11/6/12,1130,27940,,2,5,4,4006,0,0,0,,0,,BROAD,HIGH,0,,Y,A,-,N,,,,,,,,,,Y,3,0,1,2,A,-,9,21801,A,N,D,C,A,A,H,-,A,A,0,,,,,Y,,A,1,0,1,0,0,0,0,0,0,0,- ,- ,,,SAN LUIS OBISPO,SAN LUIS OBISPO,-120.6584826,35.27217491
5862695,2012,3/18/14,4006,10/26/12,1035,54160,,5,5,4,4006,0,0,0,,0,,FOOTHILL,MUSTANG,25,W,N,A,-,N,,,,,,,,,,N,3,0,1,2,A,-,5,21650,1,N,D,G,A,A,H,-,A,A,0,,Y,,,Y,,L,4,0,1,0,0,0,0,1,0,0,- ,- ,,,SAN LUIS OBISPO,SAN LUIS OBISPO,-120.6649398,35.29465811
5862703,2012,12/17/13,4006,10/21/12,1755,16380,,7,5,4,4006,0,0,0,,0,,FOOTHILL,BROAD,0,,Y,A,-,N,,,,,,,,,,N,4,0,1,2,A,-,9,21801,A,N,D,G,A,A,-,-,A,A,0,,Y,,,Y,,A,7,0,0,1,0,0,0,1,0,0,- ,- ,,,SAN LUIS OBISPO,SAN LUIS OBISPO,-120.6717526,35.29413489
5862707,2012,12/17/13,4006,10/31/12,2325,17775,PATRO,3,5,4,4006,0,0,0,,0,21,HIGHLAND,CUESTA,506,E,N,A,-,N,,,,,,,,,,N,3,0,1,2,A,-,9,21801,A,N,D,G,A,A,H,-,C,D,0,,Y,,,Y,,-,- ,0,1,0,0,0,0,1,0,0,- ,- ,,,SAN LUIS OBISPO,SAN LUIS OBISPO,-120.6758766,35.29813083
5862711,2012,12/17/13,4006,10/25/12,1500,54160,,4,5,4,4006,0,0,0,,0,,BROAD,ISLAY,0,,Y,A,-,N,,,,,,,,,,N,3,0,1,2,A,-,9,21802,A,N,D,C,A,A,H,-,A,A,0,,,,,Y,,A,1,0,1,0,0,0,0,0,0,0,- ,- ,,,SAN LUIS OBISPO,SAN LUIS OBISPO,-120.6610926,35.27507494
5862862,2012,12/18/13,4006,10/30/12,841,88907,,2,5,4,4006,0,0,0,,0,22,HIGH,BROAD,0,,Y,A,-,N,,,,,,,,,,N,4,0,1,2,A,-,10,21950,A,N,H,B,B,A,H,-,A,A,0,Y,,,,Y,,A,1,0,0,1,0,1,0,0,0,0,- ,- ,,,SAN LUIS OBISPO,SAN LUIS OBISPO,-120.6584826,35.27217491
5862866,2012,12/18/13,4006,10/31/12,1819,15560,SLOPD,3,5,4,4006,0,0,0,,0,,JOHNSON,BISHOP,0,,Y,B,-,N,,,,,,,,,,Y,4,0,2,2,D,-,0,,,N,D,C,A,A,H,-,C,D,0,,,,,Y,,-,- ,0,0,2,0,0,0,0,0,0,- ,- ,,,SAN LUIS OBISPO,SAN LUIS OBISPO,-120.6463427,35.27424495
5862870,2012,12/18/13,4006,10/29/12,2201,17775,PATRO,1,5,4,4006,0,0,0,,0,0Z1,OSOS ST,BUCHON,139,S,N,A,-,N,,,,,,,,,,N,3,0,1,1,D,-,0,,,N,H,-,A,A,G,-,D,D,0,,Y,,,Y,Y,-,- ,0,1,0,0,0,0,1,0,0,- ,- ,,,SAN LUIS OBISPO,SAN LUIS OBISPO,-120.6577616,35.27774441
5867175,2012,12/31/13,4006,10/2/12,901,58620,4002,2,5,4,4006,0,0,0,,0,,VIA CARTA,VILLAGE DR,729,S,N,A,-,N,,,,,,,,,,N,3,0,1,2,A,-,8,22107,,N,D,G,A,A,H,-,A,D,0,,Y,,,Y,,-,- ,0,1,0,0,0,0,1,0,0,- ,- ,,,SAN LUIS OBISPO,SAN LUIS OBISPO,-120.6632477,35.30621328
5874433,2012,1/15/14,4006,12/5/12,1115,25950,,3,5,4,4006,0,0,0,,0,,S HIGUERA,MARGARITA,144,S,N,A,-,N,,,,,,,,,,N,3,0,1,3,A,-,3,22350,,N,C,C,A,A,H,-,A,D,0,,,,,Y,,A,1,0,1,0,0,0,0,0,0,0,- ,- ,,,SAN LUIS OBISPO,SAN LUIS OBISPO,-120.6687478,35.25668076
5874434,2012,1/15/14,4006,12/1/12,1904,10140,4006,6,5,4,4006,0,0,0,,0,,HIGUERA,TANK FARM,280,S,N,C,-,N,,,,,,,,,,N,4,0,1,2,A,-,3,22350,,N,C,C,A,B,H,-,C,A,0,,,Y,,Y,,C,2,0,0,1,0,0,0,0,0,0,- ,- ,,,SAN LUIS OBISPO,SAN LUIS OBISPO,-120.6740556,35.24615881
5874436,2012,1/15/14,4006,12/4/12,1710,27940,,2,5,4,4006,0,0,0,,0,,S HIGUERA,SUBURBAN,423,E,N,A,-,N,,,,,,,,,,N,4,0,1,2,A,-,4,21703,,N,C,C,A,A,H,-,C,A,0,,,,,Y,,D,22,0,0,1,0,0,0,0,0,0,- ,- ,,,SAN LUIS OBISPO,SAN LUIS OBISPO,-120.6747338,35.24502593
5879200,2012,1/3/14,4006,11/21/12,1513,54160,,3,5,4,4006,0,0,0,,0,,MADONNA,RT 101,187,W,N,A,-,Y,SLO,5,101,-,-,27.43,R,4,S,N,4,0,1,2,A,-,4,21703,,N,C,C,A,A,H,-,A,A,0,,,,,Y,,A,7,0,0,1,0,0,0,0,0,0,- ,SF,,,SAN LUIS OBISPO,SAN LUIS OBISPO,-120.6737126,35.26590487
5880561,2012,3/14/14,4006,11/17/12,1446,16380,,6,5,4,4006,0,0,0,,0,,LOS OSOS VALLEY,ROYAL,306,S,N,B,C,N,,,,,,,,,,N,4,0,1,2,A,-,11,21954,A,N,G,B,D,B,H,-,A,D,0,Y,,,,Y,,N,60,0,0,1,0,1,0,0,0,0,- ,- ,,,SAN LUIS OBISPO,SAN LUIS OBISPO,-120.6919399,35.25786303
5880565,2012,1/3/14,4006,11/30/12,1331,25950,,5,5,4,4006,0,0,0,,0,,S HIGUERA,GRANADA,175,N,N,B,-,N,,,,,,,,,,N,4,0,1,2,A,-,3,22350,,N,C,C,A,B,H,-,A,A,0,,,,,Y,,A,1,0,0,1,0,0,0,0,0,0,- ,- ,,,SAN LUIS OBISPO,SAN LUIS OBISPO,-120.6708403,35.25161465
5880569,2012,1/3/14,4006,11/27/12,1645,25950,,2,5,4,4006,0,0,0,,0,,LOS OSOS VALLEY RD,FROOM RANCH,0,,Y,B,-,N,,,,,,,,,,N,3,0,1,2,A,-,12,21453,A,N,D,G,A,A,H,-,A,A,0,,Y,,,Y,Y,L,4,0,1,0,0,0,0,1,0,0,- ,- ,,,SAN LUIS OBISPO,SAN LUIS OBISPO,-120.687642,35.252532
5880573,2012,3/27/14,4006,11/30/12,833,54160,,5,5,4,4006,0,0,0,,0,,OCEANAIRE,GALLEON,99,W,N,B,-,N,,,,,,,,,,N,4,0,1,3,C,-,18,,,N,C,E,E,A,H,-,A,A,0,Y,,,,Y,,-,- ,0,0,1,0,1,0,0,0,0,- ,- ,,,SAN LUIS OBISPO,SAN LUIS OBISPO,-120.6927346,35.26147046
5880577,2012,1/3/14,4006,11/30/12,1649,25950,,5,5,4,4006,0,0,0,,0,,MADONNA,RT 101,26,W,N,C,-,Y,SLO,5,101,-,-,27.18,R,4,S,Y,3,0,1,2,A,-,3,22350,,N,C,C,A,B,H,-,C,A,0,,,,,Y,,A,1,0,1,0,0,0,0,0,0,0,- ,- ,,,SAN LUIS OBISPO,SAN LUIS OBISPO,-120.6736526,35.26046487
5880585,2012,1/3/14,9745,11/20/12,1800,17238,,2,2,4,4006,0,1,2,,2,202,RT 101,MARSH ST,528,N,N,B,-,Y,SLO,5,101,-,-,28.2,H,-,S,Y,4,0,1,2,A,-,3,22350,,N,C,C,A,A,H,-,C,D,1,,,,,Y,,A,1,0,0,1,0,0,0,0,0,0,- ,- ,,,SAN LUIS OBISPO,SAN LUIS OBISPO,-120.6707912,35.27676349
5885331,2012,12/28/13,4006,11/7/12,1820,62657,,3,5,4,4006,0,0,0,,0,,FOOTHILL,MUSTANG DR,0,,Y,A,-,N,,,,,,,,,,N,4,0,1,2,A,-,11,21954,A,N,D,B,E,A,H,-,A,A,0,Y,,,,Y,,N,60,0,0,1,0,1,0,0,0,0,- ,- ,,,SAN LUIS OBISPO,SAN LUIS OBISPO,-120.6648626,35.29468491
5885332,2012,12/28/13,4006,11/10/12,937,32625,,6,5,4,4006,0,0,0,,0,,MADONNA,EL MERCADO,262,W,N,A,-,N,,,,,,,,,,N,4,0,1,2,A,-,21,22106,,M,C,C,A,A,H,-,A,A,0,,,,,Y,,A,1,0,0,1,0,0,0,0,0,0,- ,- ,,,SAN LUIS OBISPO,SAN LUIS OBISPO,-120.6792658,35.26210363
5885333,2012,12/28/13,4006,11/15/12,1700,25950,,4,5,4,4006,0,0,0,,0,,CALIFORNIA,FOOTHILL,340,S,N,A,-,N,,,,,,,,,,N,3,0,1,2,A,-,8,22107,,N,D,G,A,A,H,-,B,D,0,,Y,,,Y,,A,7,0,1,0,0,0,0,1,0,0,- ,- ,,,SAN LUIS OBISPO,SAN LUIS OBISPO,-120.6632405,35.29430082