CASE_ID,ACCIDENT_YEAR,PROC_DATE,JURIS,COLLISION_DATE,COLLISION_TIME,OFFICER_ID,REPORTING_DISTRICT,DAY_OF_WEEK,CHP_SHIFT,POPULATION,CNTY_CITY_LOC,SPECIAL_COND,BEAT_TYPE,CHP_BEAT_TYPE,CITY_DIVISION_LAPD,CHP_BEAT_CLASS,BEAT_NUMBER,PRIMARY_RD,SECONDARY_RD,DISTANCE,DIRECTION,INTERSECTION,WEATHER_1,WEATHER_2,STATE_HWY_IND,CALTRANS_COUNTY,CALTRANS_DISTRICT,STATE_ROUTE,ROUTE_SUFFIX,POSTMILE_PREFIX,POSTMILE,LOCATION_TYPE,RAMP_INTERSECTION,SIDE_OF_HWY,TOW_AWAY,COLLISION_SEVERITY,NUMBER_KILLED,NUMBER_INJURED,PARTY_COUNT,PRIMARY_COLL_FACTOR,PCF_CODE_OF_VIOL,PCF_VIOL_CATEGORY,PCF_VIOLATION,PCF_VIOL_SUBSECTION,HIT_AND_RUN,TYPE_OF_COLLISION,MVIW,PED_ACTION,ROAD_SURFACE,ROAD_COND_1,ROAD_COND_2,LIGHTING,CONTROL_DEVICE,CHP_ROAD_TYPE,PEDESTRIAN_ACCIDENT,BICYCLE_ACCIDENT,MOTORCYCLE_ACCIDENT,TRUCK_ACCIDENT,NOT_PRIVATE_PROPERTY,ALCOHOL_INVOLVED,STWD_VEHTYPE_AT_FAULT,CHP_VEHTYPE_AT_FAULT,COUNT_SEVERE_INJ,COUNT_VISIBLE_INJ,COUNT_COMPLAINT_PAIN,COUNT_PED_KILLED,COUNT_PED_INJURED,COUNT_BICYCLIST_KILLED,COUNT_BICYCLIST_INJURED,COUNT_MC_KILLED,COUNT_MC_INJURED,PRIMARY_RAMP,SECONDARY_RAMP,LATITUDE,LONGITUDE,COUNTY,CITY,POINT_X,POINT_Y
5885334,2012,12/28/13,4006,11/13/12,1751,25950,,2,5,4,4006,0,0,0,,0,,SANTA ROSA,HIGUERA DR,80,S,N,A,-,N,,,,,,,,,,N,4,0,1,2,A,-,3,22350,,N,C,C,A,A,H,-,C,D,0,,,,,Y,,A,1,0,0,1,0,0,0,0,0,0,- ,- ,,,SAN LUIS OBISPO,SAN LUIS OBISPO,-120.6592395,35.28174456
5888177,2012,1/14/14,4006,12/10/12,2221,15913,,1,5,4,4006,0,0,0,,0,,RT 1,FOOTHILL BL,0,,Y,A,-,Y,SLO,5,1,-,-,17.341,I,5,N,Y,4,0,1,3,A,-,9,21453,C,N,D,C,A,A,H,-,C,A,0,,,,,Y,,D,22,0,0,1,0,0,0,0,0,0,- ,- ,,,SAN LUIS OBISPO,SAN LUIS OBISPO,-120.6679126,35.29406488
5889204,2013,1/17/14,4006,1/4/13,802,54160,,5,5,4,4006,0,0,0,,0,,HIGUERA,PRADO,0,,Y,A,-,N,,,,,,,,,,N,3,0,1,2,D,-,0,,,N,G,B,B,A,H,-,A,A,0,Y,,,,Y,,-,- ,0,1,0,0,1,0,0,0,0,- ,- ,,,SAN LUIS OBISPO,SAN LUIS OBISPO,-120.6690727,35.2546249
5889275,2013,1/17/14,4006,1/3/13,1315,54160,,4,5,4,4006,0,0,0,,0,,LOS OSOS VALLEY RD,AUTO PARK WY,375,N,N,A,-,N,,,,,,,,,,Y,4,0,1,3,A,-,4,21703,,N,C,C,A,A,H,-,A,A,0,,,,,Y,,A,8,0,0,1,0,0,0,0,0,0,- ,- ,,,SAN LUIS OBISPO,SAN LUIS OBISPO,-120.685886,35.2507008
5894869,2013,12/2/14,9745,1/18/13,1050,11620,,5,1,4,4006,0,1,2,,1,101,RT 101,SANTA ROSA ST,10,S,N,A,-,Y,SLO,5,101,-,-,29.05,H,-,S,N,4,0,2,2,A,-,3,22350,,N,C,C,A,A,H,-,A,A,1,,,,,Y,,D,22,0,0,2,0,0,0,0,0,0,- ,- ,35.28759,-120.66278,SAN LUIS OBISPO,SAN LUIS OBISPO,-120.6637126,35.2867949
5909393,2012,1/2/14,4006,11/8/12,1644,27940,,4,5,4,4006,0,0,0,,0,,FOOTHILL,CARPENTER,49,W,N,A,-,N,,,,,,,,,,N,3,0,2,2,A,-,11,21954,A,N,G,B,D,A,H,-,A,A,0,Y,Y,,,Y,,N,60,0,2,0,0,1,0,1,0,0,- ,- ,,,SAN LUIS OBISPO,SAN LUIS OBISPO,-120.6626829,35.29563476
5912916,2013,1/18/14,4006,1/11/13,1434,25950,,5,5,4,4006,0,0,0,,0,,LOS OSOS VALLEY RD,FROOM RANCH,0,N,N,A,-,N,,,,,,,,,,Y,4,0,2,2,A,-,3,22350,,N,C,C,A,A,H,-,A,D,0,,,,,Y,,A,1,0,0,2,0,0,0,0,0,0,- ,- ,,,SAN LUIS OBISPO,SAN LUIS OBISPO,-120.687642,35.252532
5912948,2013,1/18/14,4006,1/17/13,1256,54160,,4,5,4,4006,0,0,0,,0,,BROAD,CAPITOLIO,288,N,N,A,-,N,,,,,,,,,,N,4,0,1,2,A,-,8,22107,,N,H,G,A,A,H,-,A,A,0,,Y,,,Y,,L,4,0,0,1,0,0,0,1,0,0,- ,- ,,,SAN LUIS OBISPO,SAN LUIS OBISPO,-120.6473285,35.2570234
5913424,2013,1/17/14,4006,1/20/13,2217,10140,4006,7,5,4,4006,0,0,0,,0,,NIPOMO,BUCHON,108,N,N,A,-,N,,,,,,,,,,N,3,0,1,2,A,-,1,21200,5,N,E,E,A,A,H,-,C,D,0,,Y,,,Y,Y,L,4,0,1,0,0,0,0,1,0,0,- ,- ,,,SAN LUIS OBISPO,SAN LUIS OBISPO,-120.663231,35.2753414
5913428,2013,3/29/14,4006,1/27/13,930,62657,,7,5,4,4006,0,0,0,,0,,SANTA ROSA,PEACH,25,S,N,A,-,N,,,,,,,,,,N,4,0,2,3,A,-,11,21954,A,N,G,B,D,A,H,-,A,A,0,Y,,,,Y,Y,-,- ,0,0,2,0,2,0,0,0,0,- ,- ,,,SAN LUIS OBISPO,SAN LUIS OBISPO,-120.6621834,35.2850693
5913443,2013,1/17/14,4006,1/31/13,739,54160,,4,5,4,4006,0,0,0,,0,,LONGVIEW,HATHWAY,0,,Y,A,-,N,,,,,,,,,,N,3,0,1,2,A,-,12,22450,A,N,D,G,A,A,H,-,A,A,0,,Y,,,Y,,L,4,0,1,0,0,0,0,1,0,0,- ,- ,,,SAN LUIS OBISPO,SAN LUIS OBISPO,-120.6585026,35.297295
5913459,2013,1/23/14,4006,1/24/13,1802,27940,,4,5,4,4006,0,0,0,,0,,TANK FARM,BROOKPINE,0,,Y,A,-,N,,,,,,,,,,N,2,0,1,2,A,-,11,21950,B,N,G,B,D,A,H,-,C,A,0,Y,,,,Y,,N,60,1,0,0,0,1,0,0,0,0,- ,- ,,,SAN LUIS OBISPO,SAN LUIS OBISPO,-120.6305825,35.2502249
5913467,2013,2/1/14,4006,2/1/13,1415,54160,,5,5,4,4006,0,0,0,,0,,FOOTHILL,SANTA ROSA,250,W,N,A,-,N,,,,,,,,,,Y,4,0,1,2,A,-,21,22106,,N,C,C,A,A,H,-,A,A,0,,,,,Y,,A,1,0,0,1,0,0,0,0,0,0,- ,- ,,,SAN LUIS OBISPO,SAN LUIS OBISPO,-120.6689601,35.2940795
5924088,2013,1/25/14,4006,2/27/13,1518,25950,,3,5,4,4006,0,0,0,,0,,BROAD,BRANCH,207,N,N,A,-,N,,,,,,,,,,N,4,0,2,3,A,-,3,22350,,N,C,C,A,A,H,-,A,D,0,,,,,Y,,A,7,0,0,2,0,0,0,0,0,0,- ,- ,,,SAN LUIS OBISPO,SAN LUIS OBISPO,-120.6573901,35.2707518
5924108,2013,10/31/14,4006,2/15/13,2040,10140,4006,5,5,4,4006,0,0,0,,0,,RT 1,FOOTHILL,0,,Y,A,-,Y,SLO,5,1,-,-,17.341,I,5,S,Y,4,0,4,3,A,-,12,21453,A,N,A,C,A,A,H,-,C,A,0,,,,,Y,,D,22,0,0,4,0,0,0,0,0,0,- ,- ,,,SAN LUIS OBISPO,SAN LUIS OBISPO,-120.6681226,35.2940649
5949821,2013,1/21/14,4006,1/2/13,931,54160,,3,5,4,4006,0,0,0,,0,,HIGUERA,PRADO,0,,Y,A,-,N,,,,,,,,,,Y,3,0,1,2,A,-,9,21801,A,N,A,C,A,A,B,H,A,A,0,,,,,Y,,A,1,0,1,0,0,0,0,0,0,0,- ,- ,,,SAN LUIS OBISPO,SAN LUIS OBISPO,-120.6690727,35.2546249
5955148,2012,3/22/14,4006,12/5/12,2227,27940,,3,5,4,4006,0,0,0,,0,,SANTA ROSA,PEACH,39,S,N,A,-,N,,,,,,,,,,Y,4,0,1,3,A,-,4,21703,,N,C,C,A,A,H,-,C,A,0,,,,,Y,,A,1,0,0,1,0,0,0,0,0,0,- ,- ,,,SAN LUIS OBISPO,SAN LUIS OBISPO,-120.6621558,35.28503822
5955199,2012,1/14/14,4006,12/3/12,1612,17940,,1,5,4,4006,0,0,0,,0,,HIGUERA,CARMEL,382,E,N,A,-,N,,,,,,,,,,N,3,0,1,2,A,-,11,21954,A,N,G,B,D,A,H,-,A,A,0,Y,,,,Y,,N,60,0,1,0,0,1,0,0,0,0,- ,- ,,,SAN LUIS OBISPO,SAN LUIS OBISPO,-120.6677145,35.27702887
5956443,2012,1/11/14,4006,12/13/12,607,62657,,4,5,4,4006,0,0,0,,0,,WALNUT AV,RT 1,3,E,N,A,-,Y,SLO,5,1,-,L,16.702,I,5,N,N,4,0,1,2,A,-,11,21950,B,N,E,B,B,A,H,-,C,A,0,Y,,,,Y,,N,60,0,0,1,0,1,0,0,0,0,- ,- ,,,SAN LUIS OBISPO,SAN LUIS OBISPO,,
5956444,2012,1/11/14,4006,12/20/12,1010,88907,,4,5,4,4006,0,0,0,,0,21,LAUREL,AUGUSTA,8,W,N,A,-,N,,,,,,,,,,Y,4,0,1,1,A,-,1,23152,A,N,E,I,A,A,H,-,A,A,0,,,,,Y,Y,A,1,0,0,1,0,0,0,0,0,0,- ,- ,,,SAN LUIS OBISPO,SAN LUIS OBISPO,-120.6395667,35.26684609
5966715,2012,1/7/14,4006,11/28/12,750,S8620,,3,5,4,4006,0,0,0,,0,,S PERIMETER,NORHT PERIMETER RD,1,E,N,A,-,N,,,,,,,,,,N,4,0,2,2,A,-,11,21950,B,N,H,J,B,A,H,-,A,D,0,Y,Y,,,Y,,N,60,0,0,2,0,1,0,1,0,0,- ,- ,,,SAN LUIS OBISPO,SAN LUIS OBISPO,-120.6585717,35.30209515
5966719,2012,1/7/14,4006,11/1/12,903,S8620,,4,5,4,4006,0,0,0,,0,,GRAND AV,G 1 PKLT,0,,N,A,-,N,,,,,,,,,,N,4,0,1,2,A,-,4,21703,,N,C,C,A,A,H,-,A,D,0,,,,,Y,,-,- ,0,0,1,0,0,0,0,0,0,- ,- ,,,SAN LUIS OBISPO,SAN LUIS OBISPO,,
5987688,2013,12/29/14,4006,1/4/13,1635,68823,,5,5,4,4006,0,0,0,,0,,SOUTH ST,BEEBEE ST,0,,Y,A,-,N,,,,,,,,,,N,3,0,1,2,A,-,- ,,,N,E,I,A,A,H,-,A,A,0,,,Y,,Y,,C,2,0,1,0,0,0,0,0,0,1,- ,- ,,,SAN LUIS OBISPO,SAN LUIS OBISPO,-120.6679627,35.2695549
5987692,2013,1/18/14,4006,1/16/13,2055,88945,,3,5,4,4006,0,0,0,,0,,SOUTH HIGUERA ST,SUBURBAN RD,0,,Y,A,-,N,,,,,,,,,,Y,3,0,1,2,A,-,1,23153,A,N,D,C,A,A,H,-,C,A,0,,,,,Y,Y,-,- ,0,1,0,0,0,0,0,0,0,- ,- ,,,SAN LUIS OBISPO,SAN LUIS OBISPO,-120.6753626,35.2439848
5987696,2013,1/18/14,4006,1/8/13,1906,16002,,2,5,4,4006,0,0,0,,0,,MONTEREY,GROVE CT,0,,Y,A,-,N,,,,,,,,,,N,3,0,1,2,A,-,9,21802,A,N,D,G,A,A,H,-,C,A,0,,Y,,,Y,,A,,0,1,0,0,0,0,1,0,0,- ,- ,,,SAN LUIS OBISPO,SAN LUIS OBISPO,-120.6536526,35.2868649
5988484,2013,1/31/14,4006,2/7/13,1855,16380,,4,5,4,4006,0,0,0,,0,,GRAND,FREDERICKS ST,0,,Y,A,-,N,,,,,,,,,,N,4,0,1,2,A,-,9,21801,A,F,H,G,A,A,H,-,C,D,0,,Y,,,Y,,A,1,0,0,1,0,0,0,1,0,0,- ,- ,,,SAN LUIS OBISPO,SAN LUIS OBISPO,-120.6533326,35.2931149
5988488,2013,10/31/14,4006,2/5/13,1338,27940,,2,5,4,4006,0,0,0,,0,,RT 1,FOOTHILL,0,,Y,A,-,Y,SLO,5,1,-,-,17.341,I,5,N,N,3,0,1,2,A,-,10,21950,A,F,G,B,B,A,H,-,A,A,0,Y,,,,Y,,A,1,0,1,0,0,1,0,0,0,0,- ,- ,,,SAN LUIS OBISPO,SAN LUIS OBISPO,-120.6679126,35.2940649
5988496,2013,1/31/14,4006,2/6/13,1324,27940,,3,5,4,4006,0,0,0,,0,,MILL,CHORRO,0,,Y,A,-,N,,,,,,,,,,N,4,0,1,2,A,-,3,22350,,N,C,C,A,A,H,-,A,A,0,,,,,Y,,A,1,0,0,1,0,0,0,0,0,0,- ,- ,,,SAN LUIS OBISPO,SAN LUIS OBISPO,-120.6650126,35.2822449
5988500,2013,1/31/14,4006,2/2/13,47,87540,SLO,6,5,4,4006,0,0,0,,0,ZONE 2,BROAD,ISLAY,0,,Y,A,-,N,,,,,,,,,,Y,4,0,2,2,A,-,9,21802,A,F,D,C,A,A,H,-,C,A,0,,,,,Y,,-,- ,0,0,2,0,0,0,0,0,0,- ,- ,,,SAN LUIS OBISPO,SAN LUIS OBISPO,-120.6610926,35.2750749
5988523,2013,1/30/14,4006,2/22/13,125,54160,,5,5,4,4006,0,0,0,,0,,JOHNSON,ORCUTT,0,,Y,A,-,N,,,,,,,,,,Y,3,0,1,1,A,-,1,23153,B,N,E,I,A,A,H,-,C,A,0,,,,,Y,Y,A,1,0,1,0,0,0,0,0,0,0,- ,- ,,,SAN LUIS OBISPO,SAN LUIS OBISPO,-120.6359126,35.2614249
5988527,2013,1/30/14,4006,2/26/13,1031,75921,,2,5,4,4006,0,0,0,,0,,S HIGUERA,MARGARITA,0,,Y,A,-,N,,,,,,,,,,N,4,0,1,2,A,-,9,21801,A,N,H,G,A,A,H,-,A,A,0,,Y,,,Y,,A,1,0,0,1,0,0,0,1,0,0,- ,- ,,,SAN LUIS OBISPO,SAN LUIS OBISPO,-120.6687125,35.2570749
5988555,2013,1/31/14,4006,2/15/13,1038,54160,,5,5,4,4006,0,0,0,,0,,HIGUERA,ELKS,225,N,N,A,-,N,,,,,,,,,,N,3,0,1,1,C,-,18,,,N,H,G,A,A,H,-,A,A,0,,Y,,,Y,,-,- ,0,1,0,0,0,0,1,0,0,- ,- ,,,SAN LUIS OBISPO,SAN LUIS OBISPO,-120.67058,35.2644903
5988559,2013,10/31/14,4006,2/21/13,1215,27734,,4,5,4,4006,0,0,0,,0,,RT 1,MURRAY,0,,Y,A,-,Y,SLO,5,1,-,-,17.11,I,5,S,N,3,0,1,2,A,-,8,22100,A,N,H,G,A,A,H,-,A,A,0,,Y,,,Y,,A,1,0,1,0,0,0,0,1,0,0,- ,- ,,,SAN LUIS OBISPO,SAN LUIS OBISPO,-120.667012,35.290654
5992680,2013,12/2/14,9745,3/10/13,1305,14996,,7,1,4,4006,0,1,2,,2,505,RT 101,THOMPSON AV,15,S,N,A,-,Y,SLO,5,101,-,-,7.6,R,1,N,Y,4,0,3,2,A,-,3,22350,,N,C,C,A,A,H,-,A,A,1,,,,,Y,,A,1,0,0,3,0,0,0,0,0,0,TO,- ,35.07187,-120.51493,SAN LUIS OBISPO,SAN LUIS OBISPO,-120.5126526,35.0679949
5997178,2013,12/2/14,4006,1/24/13,1759,25950,,4,5,4,4006,0,0,0,,0,,CALIFORNIA,RT 101,0,,Y,A,-,Y,SLO,5,101,-,-,29.51,R,4,N,N,3,0,1,2,A,-,9,21801,A,N,D,G,A,A,H,-,C,D,0,,Y,,,Y,,A,1,0,1,0,0,0,0,1,0,0,- ,NO,,,SAN LUIS OBISPO,SAN LUIS OBISPO,-120.6574426,35.2912349
5997182,2013,1/25/14,4006,1/25/13,1029,25950,,5,5,4,4006,0,0,0,,0,,HIGUERA ST,TORO ST,119,E,N,A,-,N,,,,,,,,,,Y,4,0,1,2,A,-,7,21658,A,N,B,C,A,A,H,-,A,D,0,,,,,Y,,A,7,0,0,1,0,0,0,0,0,0,- ,- ,,,SAN LUIS OBISPO,SAN LUIS OBISPO,-120.657611,35.2829986
5997186,2013,11/18/14,4006,1/10/13,1730,25950,,4,5,4,4006,0,0,0,,0,,LOS OSOS VALLEY RD,RT 101,0,S,N,A,-,Y,SLO,5,101,-,-,25.83,R,4,N,N,4,0,1,2,A,-,3,22350,,N,C,C,A,A,H,-,B,A,0,,,,,Y,,A,1,0,0,1,0,0,0,0,0,0,- ,NO,,,SAN LUIS OBISPO,SAN LUIS OBISPO,-120.6822726,35.2443749
5997190,2013,1/25/14,4006,1/19/13,1913,10140,4006,6,5,4,4006,0,0,0,,0,,CALIFORNIA BL,PHILLIPS LN,0,,Y,A,-,N,,,,,,,,,,N,3,0,1,2,D,-,0,,,N,G,B,B,A,H,-,C,-,0,Y,,,,Y,,-,- ,0,1,0,0,1,0,0,0,0,- ,- ,,,SAN LUIS OBISPO,SAN LUIS OBISPO,-120.6566925,35.2884049
5997194,2013,1/25/14,4006,1/22/13,1541,75921,,2,5,4,4006,0,0,0,,0,,STENNER,MURRAY,254,N,N,A,-,N,,,,,,,,,,N,3,0,1,2,A,-,8,22107,,N,C,E,A,A,H,-,A,D,0,,,Y,,Y,,C,3,0,1,0,0,0,0,0,0,1,- ,- ,,,SAN LUIS OBISPO,SAN LUIS OBISPO,-120.6634326,35.2916325
6001603,2013,12/2/14,9745,1/16/13,300,17985,,3,3,4,4006,0,1,2,,2,202,RT 101,MADONNA RD,220,S,N,A,-,Y,SLO,5,101,-,-,27.4,R,2,N,Y,2,0,1,2,A,-,11,21954,A,N,G,B,D,A,H,-,C,D,1,Y,,,,Y,,N,60,1,0,0,0,1,0,0,0,0,TO,- ,35.26547,-120.6732,SAN LUIS OBISPO,SAN LUIS OBISPO,-120.6737426,35.2636349
6003856,2013,2/5/14,4006,3/6/13,2312,64920,,3,5,4,4006,0,0,0,,0,,ORCUTT RD,JOHNSON RD,21,W,N,A,-,N,,,,,,,,,,N,3,0,1,2,A,-,1,23152,A,N,G,E,A,A,H,-,C,A,0,,,,,Y,Y,A,1,0,1,0,0,0,0,0,0,0,- ,- ,,,SAN LUIS OBISPO,SAN LUIS OBISPO,-120.6359818,35.2614148
6003884,2013,12/4/14,4006,3/4/13,1142,27940,,1,5,4,4006,0,0,0,,0,,SANTA ROSA,HIGUERA,72,N,N,A,-,N,,,,,,,,,,Y,4,0,2,2,A,-,3,22350,,N,C,C,A,A,H,-,A,A,0,,,,,Y,,A,1,0,0,2,0,0,0,0,0,0,- ,- ,,,SAN LUIS OBISPO,SAN LUIS OBISPO,-120.6595496,35.2820749
6005945,2013,2/1/14,4006,2/26/13,1309,27940,,2,5,4,4006,0,0,0,,0,,HIGUERA,CHORRO,0,,Y,A,-,N,,,,,,,,,,N,3,0,1,2,A,-,11,21456,B,N,G,B,B,A,H,-,A,A,0,Y,,,,Y,,N,60,0,1,0,0,1,0,0,0,0,- ,- ,,,SAN LUIS OBISPO,SAN LUIS OBISPO,-120.6628827,35.2798648
6005949,2013,2/1/14,4006,2/21/13,1413,17775,PATRO,4,5,4,4006,0,0,0,,0,0Z1,LAUREL,AUGUSTA,0,,Y,A,-,N,,,,,,,,,,Y,4,0,1,2,A,-,9,21801,B,N,D,C,A,A,H,-,A,D,0,,,,,Y,,A,1,0,0,1,0,0,0,0,0,0,- ,- ,,,SAN LUIS OBISPO,SAN LUIS OBISPO,-120.6395526,35.2668649
6008755,2013,11/18/14,4006,2/5/13,1108,54160,,2,5,4,4006,0,0,0,,0,,LOS OSOS VALLEY RD,RT 101,718,N,N,A,-,Y,SLO,5,101,-,-,25.83,R,4,N,N,4,0,1,2,A,-,4,21703,,N,-,C,A,A,B,H,C,A,0,,,,,Y,,A,1,0,0,1,0,0,0,0,0,0,- ,NO,,,SAN LUIS OBISPO,SAN LUIS OBISPO,-120.6822726,35.2443749
6008759,2013,1/30/14,4006,2/7/13,730,54160,,4,5,4,4006,0,0,0,,0,,N CHORRO ST,BOYSEN,237,S,N,A,-,N,,,,,,,,,,Y,4,0,1,2,A,-,9,21804,A,N,D,C,A,A,B,H,A,A,0,,,,,Y,,A,1,0,0,1,0,0,0,0,0,0,- ,- ,,,SAN LUIS OBISPO,SAN LUIS OBISPO,-120.6723316,35.2958429
6008779,2013,11/7/14,4006,2/2/13,2030,88907,,6,5,4,4006,0,0,0,,0,22,MADONNA,RT 101,400,W,N,A,-,N,,,,,,,,,,N,4,0,1,2,A,-,- ,,,F,D,G,A,A,H,-,C,A,0,,Y,,,Y,Y,L,4,0,0,1,0,0,0,1,0,0,- ,SO,,,SAN LUIS OBISPO,SAN LUIS OBISPO,-120.6747142,35.265295
6012151,2013,2/6/14,4006,3/13/13,1708,73942,4006,3,5,4,4006,0,0,0,,0,,HIGUERA ST,TORO ST,0,,Y,A,-,N,,,,,,,,,,N,4,0,1,2,A,-,10,21950,A,N,G,B,B,A,H,-,A,A,0,Y,,,,Y,,A,1,0,0,1,0,1,0,0,0,0,- ,- ,,,SAN LUIS OBISPO,SAN LUIS OBISPO,-120.6579227,35.2827949
6012155,2013,10/31/14,4006,3/15/13,1728,88907,,5,5,4,4006,0,0,0,,0,0Z1,RT 1,OAK,0,,Y,A,-,Y,SLO,5,1,-,-,16.99,I,5,N,Y,4,0,1,2,A,-,9,21801,,N,D,C,A,A,H,-,A,A,0,,,,,Y,,A,8,0,0,1,0,0,0,0,0,0,- ,- ,,,SAN LUIS OBISPO,SAN LUIS OBISPO,-120.6647207,35.2879508
6016101,2013,2/6/14,9745,3/22/13,2145,18786,,5,2,4,4006,0,2,4,,1,48,AVILA BEACH DR,SAN LUIS ST,1022,E,N,A,-,N,,,,,,,,,,Y,3,0,1,1,A,-,1,23152,A,N,F,A,A,A,H,-,D,D,0,,,,,Y,Y,D,22,0,1,0,0,0,0,0,0,0,- ,- ,35.17984,-120.72412,SAN LUIS OBISPO,SAN LUIS OBISPO,-120.7242106,35.1798658
6019879,2013,2/8/14,4006,3/7/13,1753,25950,,4,5,4,4006,0,0,0,,0,,BROAD,CAUDILL,16,N,N,C,-,N,,,,,,,,,,Y,3,0,1,1,C,-,18,,,N,F,I,A,B,H,-,A,D,0,,,Y,,Y,,-,- ,0,1,0,0,0,0,0,0,1,- ,- ,,,SAN LUIS OBISPO,SAN LUIS OBISPO,-120.6540814,35.266582
6019880,2013,2/8/14,4006,3/13/13,1958,64920,,3,5,4,4006,0,0,0,,0,,LOS OSOS VALLEY,MADONNA,153,E,N,A,-,N,,,,,,,,,,N,4,0,1,3,A,-,3,22350,,N,C,D,A,A,H,-,C,A,0,,,,,Y,,A,1,0,0,1,0,0,0,0,0,0,- ,- ,,,SAN LUIS OBISPO,SAN LUIS OBISPO,-120.6904816,35.2562435
6020704,2013,12/2/14,9745,3/8/13,2300,17238,,5,3,4,4006,0,1,2,,2,505,RT 101,LOS BERROS RD,2112,N,N,A,-,Y,SLO,5,101,-,-,8.27,H,-,S,N,4,0,1,1,A,-,1,23152,A,N,E,I,A,A,H,-,D,D,1,,,Y,,Y,Y,C,2,0,0,1,0,0,0,0,0,1,- ,- ,35.68,-120.3417,SAN LUIS OBISPO,SAN LUIS OBISPO,-120.5215434,35.0758573
6029784,2013,2/11/14,4006,4/5/13,1046,54160,,5,5,4,4006,0,0,0,,0,,CHORRO,MILL,0,,Y,A,-,N,,,,,,,,,,Y,4,0,1,2,A,-,9,21802,A,N,D,C,A,A,H,-,A,A,0,,,,,Y,,A,1,0,0,1,0,0,0,0,0,0,- ,- ,,,SAN LUIS OBISPO,SAN LUIS OBISPO,-120.6650126,35.2822449
6034236,2013,12/2/14,9745,3/24/13,1438,17238,,7,2,4,4006,0,1,2,,2,202,RT 101,MARSH ST,528,S,N,A,-,Y,SLO,5,101,-,-,27.97,H,-,N,N,2,0,1,2,A,-,3,22350,,N,C,C,A,A,H,-,A,D,1,,,,,Y,,A,1,1,0,0,0,0,0,0,0,0,- ,- ,35.161,-120.4035,SAN LUIS OBISPO,SAN LUIS OBISPO,-120.6722271,35.2718214
6035883,2013,2/8/14,4006,3/18/13,1331,27940,,1,5,4,4006,0,0,0,,0,,LEFF,MORRO,0,,Y,A,-,N,,,,,,,,,,N,3,0,1,2,A,-,10,21950,A,N,G,B,B,A,H,-,A,A,0,Y,,,,Y,,-,- ,0,1,0,0,1,0,0,0,0,- ,- ,,,SAN LUIS OBISPO,SAN LUIS OBISPO,-120.6576227,35.2760049
6035887,2013,4/12/14,4006,3/19/13,1751,25950,,2,5,4,4006,0,0,0,,0,,RAMONA DR,PALOMAR,171,E,N,A,-,N,,,,,,,,,,N,4,0,2,2,A,-,5,21650,1,N,A,G,A,A,H,-,A,D,0,,Y,,,Y,,L,4,0,0,2,0,0,0,2,0,0,- ,- ,,,SAN LUIS OBISPO,SAN LUIS OBISPO,-120.6738215,35.292802
6035891,2013,2/8/14,4006,3/21/13,1306,54160,,4,5,4,4006,0,0,0,,0,,INDUSTRIAL,SACRAMENTO,370,W,N,A,-,N,,,,,,,,,,Y,3,0,2,2,A,-,9,21801,A,N,D,C,A,A,H,-,A,A,0,,,,,Y,,A,1,0,1,1,0,0,0,0,0,0,- ,- ,,,SAN LUIS OBISPO,SAN LUIS OBISPO,-120.6410368,35.2524601
6035895,2013,2/8/14,4006,3/26/13,2330,64920,,2,5,4,4006,0,0,0,,0,,BROAD,WOODBRIDGE,100,N,N,A,-,N,,,,,,,,,,N,3,0,1,2,A,-,9,21804,A,F,D,G,A,A,H,-,C,D,0,,Y,,,Y,,-,- ,0,1,0,0,0,0,1,0,0,- ,- ,,,SAN LUIS OBISPO,SAN LUIS OBISPO,-120.6548485,35.2675634
6041576,2013,2/19/14,4006,4/4/13,817,54160,,4,5,4,4006,0,0,0,,0,,SANTA ROSA,MONTEREY,50,N,N,A,-,N,,,,,,,,,,N,4,0,1,1,C,-,18,,,N,H,A,A,A,H,-,A,A,0,,,,,Y,,-,- ,0,0,1,0,0,0,0,0,0,- ,- ,,,SAN LUIS OBISPO,SAN LUIS OBISPO,-120.6601289,35.2827273
6041588,2013,2/11/14,4006,4/8/13,1537,88907,,1,5,4,4006,0,0,0,,0,22,TANK FARM,LONG,0,,Y,A,-,N,,,,,,,,,,Y,4,0,1,2,A,-,9,21802,A,N,D,C,A,A,H,-,A,A,0,,,,,Y,,D,22,0,0,1,0,0,0,0,0,0,- ,- ,,,SAN LUIS OBISPO,SAN LUIS OBISPO,-120.6712827,35.2468349
6044168,2013,2/19/14,4006,4/11/13,1702,27940,,4,5,4,4006,0,0,0,,0,,MADONNA RD,EL MERCADO,263,W,N,A,-,N,,,,,,,,,,Y,4,0,1,3,A,-,3,22350,,N,C,C,A,-,H,-,A,A,0,,,,,Y,,A,1,0,0,1,0,0,0,0,0,0,- ,- ,,,SAN LUIS OBISPO,SAN LUIS OBISPO,-120.6792684,35.2621018
6044227,2013,2/15/14,4006,4/19/13,1629,25950,,5,5,4,4006,0,0,0,,0,,KENTUCKY ST,FREDERICKS ST,0,,Y,A,-,N,,,,,,,,,,Y,3,0,1,3,A,-,12,22450,A,N,D,C,A,A,H,-,A,D,0,,,,,Y,,A,1,0,1,0,0,0,0,0,0,0,- ,- ,,,SAN LUIS OBISPO,SAN LUIS OBISPO,-120.6593227,35.2931449
6044231,2013,2/11/14,4006,3/11/13,1038,27940,,1,5,4,4006,0,0,0,,0,,HIGHLAND,CUESTA,0,,Y,A,-,N,,,,,,,,,,N,3,0,1,2,A,-,3,22350,,N,D,G,A,A,H,-,A,A,0,,Y,,,Y,,L,4,0,1,0,0,0,0,1,0,0,- ,- ,,,SAN LUIS OBISPO,SAN LUIS OBISPO,-120.6775626,35.2982148