CASE_ID,ACCIDENT_YEAR,PROC_DATE,JURIS,COLLISION_DATE,COLLISION_TIME,OFFICER_ID,REPORTING_DISTRICT,DAY_OF_WEEK,CHP_SHIFT,POPULATION,CNTY_CITY_LOC,SPECIAL_COND,BEAT_TYPE,CHP_BEAT_TYPE,CITY_DIVISION_LAPD,CHP_BEAT_CLASS,BEAT_NUMBER,PRIMARY_RD,SECONDARY_RD,DISTANCE,DIRECTION,INTERSECTION,WEATHER_1,WEATHER_2,STATE_HWY_IND,CALTRANS_COUNTY,CALTRANS_DISTRICT,STATE_ROUTE,ROUTE_SUFFIX,POSTMILE_PREFIX,POSTMILE,LOCATION_TYPE,RAMP_INTERSECTION,SIDE_OF_HWY,TOW_AWAY,COLLISION_SEVERITY,NUMBER_KILLED,NUMBER_INJURED,PARTY_COUNT,PRIMARY_COLL_FACTOR,PCF_CODE_OF_VIOL,PCF_VIOL_CATEGORY,PCF_VIOLATION,PCF_VIOL_SUBSECTION,HIT_AND_RUN,TYPE_OF_COLLISION,MVIW,PED_ACTION,ROAD_SURFACE,ROAD_COND_1,ROAD_COND_2,LIGHTING,CONTROL_DEVICE,CHP_ROAD_TYPE,PEDESTRIAN_ACCIDENT,BICYCLE_ACCIDENT,MOTORCYCLE_ACCIDENT,TRUCK_ACCIDENT,NOT_PRIVATE_PROPERTY,ALCOHOL_INVOLVED,STWD_VEHTYPE_AT_FAULT,CHP_VEHTYPE_AT_FAULT,COUNT_SEVERE_INJ,COUNT_VISIBLE_INJ,COUNT_COMPLAINT_PAIN,COUNT_PED_KILLED,COUNT_PED_INJURED,COUNT_BICYCLIST_KILLED,COUNT_BICYCLIST_INJURED,COUNT_MC_KILLED,COUNT_MC_INJURED,PRIMARY_RAMP,SECONDARY_RAMP,LATITUDE,LONGITUDE,COUNTY,CITY,POINT_X,POINT_Y
7209700,2016,3/23/16,4006,3/1/16,1627,E0120,SLO,2,5,4,4006,0,0,0,,0,,SANTA ROSA ST,OLIVE ST,125,N,N,A,-,N,,,,,,,,,,N,3,0,1,2,A,-,- ,,,N,B,G,A,A,H,-,A,D,0,,Y,,,Y,,-,- ,0,1,0,0,0,0,1,0,0,- ,- ,,,SAN LUIS OBISPO,SAN LUIS OBISPO,-120.6645182,35.28780997
7209777,2016,3/23/16,4006,2/9/16,1448,16380,,2,5,4,4006,0,0,0,,0,,CUESTA,HIGHLAND,0,,Y,A,-,N,,,,,,,,,,N,4,0,1,2,A,-,9,21802,B,N,A,G,A,A,H,-,A,D,0,,Y,,,Y,,A,1,0,0,1,0,0,0,1,0,0,- ,- ,,,SAN LUIS OBISPO,SAN LUIS OBISPO,-120.6776,35.29828004
7209871,2016,3/21/16,4006,3/3/16,2230,48750,,4,5,4,4006,0,0,0,,0,,CHORRO,WEST,0,,Y,A,-,N,,,,,,,,,,N,3,0,1,2,A,-,3,22350,,N,F,G,A,A,H,-,C,D,0,,Y,,,Y,Y,-,- ,0,1,0,0,0,0,1,0,0,- ,- ,,,SAN LUIS OBISPO,SAN LUIS OBISPO,-120.6696699,35.28995008
7209879,2016,3/22/16,4006,3/1/16,1712,55155,,2,5,4,4006,0,0,0,,0,,NIPOMO,PALM,0,,Y,A,-,N,,,,,,,,,,N,4,0,1,2,A,-,8,22107,,N,C,C,A,A,H,-,A,A,0,,,,,Y,,A,1,0,0,1,0,0,0,0,0,0,- ,- ,,,SAN LUIS OBISPO,SAN LUIS OBISPO,-120.6671599,35.27972002
7209883,2016,3/21/16,4006,3/3/16,1125,16380,,4,5,4,4006,0,0,0,,0,,LOS OSOS VALLEY,DIABLO,440,W,N,A,-,N,,,,,,,,,,Y,3,0,1,2,C,-,18,,,N,E,H,A,A,H,-,A,D,0,,,,,Y,,-,- ,0,1,0,0,0,0,0,0,0,- ,- ,,,SAN LUIS OBISPO,SAN LUIS OBISPO,-120.7038556,35.26810796
7209887,2016,3/21/16,4006,3/3/16,1314,69585,,4,5,4,4006,0,0,0,,0,,HIGUERA,CARMEL,0,,Y,A,-,N,,,,,,,,,,N,4,0,1,2,A,-,5,21650,1,N,D,G,A,A,H,-,A,A,0,,Y,,,Y,,L,4,0,0,1,0,0,0,1,0,0,- ,- ,,,SAN LUIS OBISPO,SAN LUIS OBISPO,-120.6685099,35.27624007
7209897,2016,2/11/17,4006,2/18/16,835,68823,,4,5,4,4006,0,0,0,,0,,LOS OSOS VALLEY RD,RT 101,50,N,N,A,-,Y,SLO,5,101,-,-,25.86,R,4,S,N,4,0,1,2,A,-,3,22350,,N,C,C,A,A,D,-,A,D,0,,,,,Y,,A,7,0,0,1,0,0,0,0,0,0,- ,- ,,,SAN LUIS OBISPO,SAN LUIS OBISPO,-120.6826332,35.24413413
7209909,2016,4/6/16,4006,2/28/16,2228,50580,,7,5,4,4006,0,0,0,,0,,FOOTHILL,BROAD,0,,Y,A,-,N,,,,,,,,,,Y,4,0,5,2,A,-,9,21804,A,N,D,C,A,-,H,-,C,A,0,,,,,Y,,A,1,0,0,5,0,0,0,0,0,0,- ,- ,,,SAN LUIS OBISPO,SAN LUIS OBISPO,-120.6717,35.29410005
7209913,2016,3/23/16,4006,2/27/16,1920,48750,,6,5,4,4006,0,0,0,,0,,TORO,MARSH,0,,Y,A,-,N,,,,,,,,,,N,4,0,1,2,A,-,12,22450,A,F,G,B,B,A,H,-,C,D,0,Y,,,,Y,,-,,0,0,1,0,1,0,0,0,0,- ,- ,,,SAN LUIS OBISPO,SAN LUIS OBISPO,-120.6572099,35.28217002
7209917,2016,3/23/16,4006,2/23/16,1704,98585,,2,5,4,4006,0,0,0,,0,,ORCUTT CANYON RD,MCMILLAN,0,,Y,A,-,N,,,,,,,,,,Y,4,0,2,2,A,-,9,21801,A,N,D,C,A,A,H,-,A,A,0,,,,,Y,,A,1,0,0,2,0,0,0,0,0,0,- ,- ,,,SAN LUIS OBISPO,SAN LUIS OBISPO,-120.648141,35.261334
8000025,2016,3/28/16,4006,2/6/16,1602,80908,,6,5,4,4006,0,0,0,,0,,PISMO,BEACH,0,,Y,A,-,N,,,,,,,,,,Y,3,0,3,4,A,-,9,21802,A,N,D,C,A,A,H,-,A,A,0,,,,,Y,,A,1,0,3,0,0,0,0,0,0,0,- ,- ,,,SAN LUIS OBISPO,SAN LUIS OBISPO,-120.66507,35.27506003
8003407,2016,3/28/16,4006,3/5/16,1338,80908,,6,5,4,4006,0,0,0,,0,,BROAD,INDUSTRIAL,0,,Y,C,-,N,,,,,,,,,,Y,4,0,2,2,A,-,3,22350,,N,C,C,A,B,H,-,A,A,0,,,,,Y,,A,1,0,0,2,0,0,0,0,0,0,- ,- ,,,SAN LUIS OBISPO,SAN LUIS OBISPO,-120.64459,35.25110007
8003411,2016,3/28/16,4006,3/8/16,1253,69585,,2,5,4,4006,0,0,0,,0,,HIGUERA,LAS PRADERAS,182,N,N,A,-,N,,,,,,,,,,N,3,0,1,2,A,-,9,21802,A,N,D,G,A,A,H,-,A,A,0,,Y,,,Y,,A,1,0,1,0,0,0,0,1,0,0,- ,- ,,,SAN LUIS OBISPO,SAN LUIS OBISPO,-120.6744547,35.24559601
8003415,2016,3/29/16,4006,3/5/16,228,59980,,6,5,4,4006,0,0,0,,0,,BUCHON,MORRO,177,W,N,C,-,N,,,,,,,,,,Y,2,0,1,2,A,-,1,23152,,N,B,E,A,B,H,-,C,A,0,,,,,Y,Y,A,1,1,0,0,0,0,0,0,0,0,- ,- ,,,SAN LUIS OBISPO,SAN LUIS OBISPO,-120.6594557,35.27725977
8003419,2016,3/28/16,4006,3/17/16,1752,15913,,4,5,4,4006,0,0,0,,0,,LOS OSOS VALLEY,DESCANSO,0,,Y,A,-,N,,,,,,,,,,Y,3,0,3,2,A,-,1,23152,A,N,D,C,A,A,H,-,A,A,0,,,,,Y,Y,A,1,0,2,1,0,0,0,0,0,0,- ,- ,,,SAN LUIS OBISPO,SAN LUIS OBISPO,-120.7000099,35.2649
8011255,2016,2/11/17,4006,3/17/16,1800,59980,,4,5,4,4006,0,0,0,,0,,RT 1,HIGHLAND,0,,Y,A,-,Y,SLO,5,1,-,-,17.79,H,-,N,N,4,0,1,2,A,-,3,22350,,F,C,C,A,A,H,-,A,A,0,,,,,Y,,D,22,0,0,1,0,0,0,0,0,0,- ,- ,,,SAN LUIS OBISPO,SAN LUIS OBISPO,-120.6736663,35.29839388
8011628,2016,4/11/16,4006,3/29/16,758,16380,,2,5,4,4006,0,0,0,,0,,CALIFORNIA,MONTEREY,0,,Y,A,-,N,,,,,,,,,,N,4,0,1,2,A,-,12,21453,A,F,D,G,A,A,H,-,A,A,0,,Y,,,Y,,L,4,0,0,1,0,0,0,1,0,0,- ,- ,,,SAN LUIS OBISPO,SAN LUIS OBISPO,-120.65461,35.28611005
8011632,2016,4/11/16,4006,3/24/16,1540,16380,,4,5,4,4006,0,0,0,,0,,LOS OSOS VALLEY,FROOM RANCH,492,W,N,A,-,N,,,,,,,,,,N,4,0,1,2,A,-,8,21717,,N,B,G,A,A,H,-,A,D,0,,Y,,,Y,,A,7,0,0,1,0,0,0,1,0,0,- ,- ,,,SAN LUIS OBISPO,SAN LUIS OBISPO,-120.6885633,35.25364935
8011636,2016,4/11/16,4006,3/27/16,1210,55150,,7,5,4,4006,0,0,0,,0,,MADONNA,MADONNA INN,0,,Y,A,-,N,,,,,,,,,,N,3,0,1,2,A,-,10,21950,A,N,D,B,B,A,H,-,A,A,0,Y,,,,Y,,A,1,0,1,0,0,1,0,0,0,0,- ,- ,,,SAN LUIS OBISPO,SAN LUIS OBISPO,-120.6757271,35.26448021
8011664,2016,4/11/16,4006,3/23/16,1513,69585,,3,5,4,4006,0,0,0,,0,,SANTA ROSA AV,MONTEREY,0,,Y,A,-,N,,,,,,,,,,N,4,0,1,2,A,-,10,21950,A,N,-,B,B,A,H,-,A,A,0,Y,,,,Y,,A,1,0,0,1,0,1,0,0,0,0,- ,- ,,,SAN LUIS OBISPO,SAN LUIS OBISPO,-120.6599599,35.28260008
8012672,2016,2/11/17,4006,3/28/16,1630,16380,,1,5,4,4006,0,0,0,,0,,RT 1,BOYSEN,20,S,N,A,-,Y,SLO,5,1,-,-,17.49,H,-,S,N,4,0,1,2,A,-,3,22350,,N,C,C,A,A,H,-,A,D,0,,,,,Y,,A,7,0,0,1,0,0,0,0,0,0,- ,- ,,,SAN LUIS OBISPO,SAN LUIS OBISPO,-120.6694396,35.29567638
8013881,2016,4/6/16,4006,3/18/16,1302,16380,,5,5,4,4006,0,0,0,,0,,NIPOMO,PALM,0,,Y,A,-,N,,,,,,,,,,N,4,0,1,2,A,-,6,21750,,N,D,G,A,A,H,-,A,D,0,,Y,,,Y,,L,4,0,0,1,0,0,0,1,0,0,- ,- ,,,SAN LUIS OBISPO,SAN LUIS OBISPO,-120.6671599,35.27972002
8021062,2016,4/15/16,4006,3/30/16,1846,59350,,3,5,4,4006,0,0,0,,0,,MADONNA,HIGUERA,20,W,N,A,-,N,,,,,,,,,,N,4,0,1,2,A,-,3,22350,,N,C,C,A,A,H,-,A,A,0,,,,,Y,,A,1,0,0,1,0,0,0,0,0,0,- ,- ,,,SAN LUIS OBISPO,SAN LUIS OBISPO,-120.6705424,35.26821266
8026727,2016,4/25/16,4006,4/3/16,1934,61520,,7,5,4,4006,0,0,0,,0,,LOS OSOS VALLEY,FROOM RANCH,0,,Y,B,-,N,,,,,,,,,,Y,4,0,1,2,A,-,12,21453,A,N,D,C,A,A,H,-,C,A,0,,,,,Y,Y,A,7,0,0,1,0,0,0,0,0,0,- ,- ,,,SAN LUIS OBISPO,SAN LUIS OBISPO,-120.68764,35.25253002
8031606,2016,5/9/16,4006,4/21/16,1215,69585,,4,5,4,4006,0,0,0,,0,,FOOTHILL,CRANDALL,39,W,N,A,-,N,,,,,,,,,,N,3,0,1,2,A,-,3,22350,,N,C,C,A,A,H,-,A,A,0,,Y,,,Y,,L,4,0,1,0,0,0,0,1,0,0,- ,- ,,,SAN LUIS OBISPO,SAN LUIS OBISPO,-120.6618512,35.2963484
8034632,2016,5/4/16,4006,4/6/16,1241,61680,,3,5,4,4006,0,0,0,,0,,JOHNSON,FIXLINI,176,N,N,A,-,N,,,,,,,,,,Y,3,0,1,3,A,-,3,22350,A,N,C,C,A,A,H,-,A,D,0,,,Y,Y,Y,,A,7,0,1,0,0,0,0,0,0,1,- ,- ,,,SAN LUIS OBISPO,SAN LUIS OBISPO,-120.6484169,35.27663079
8034636,2016,5/4/16,4006,4/19/16,1213,16380,,2,5,4,4006,0,0,0,,0,,BROAD,FRANCIS,26,N,N,A,-,N,,,,,,,,,,N,4,0,1,2,A,-,8,22107,,N,D,C,A,A,H,-,A,D,0,,,,,Y,,A,1,0,0,1,0,0,0,0,0,0,- ,- ,,,SAN LUIS OBISPO,SAN LUIS OBISPO,-120.6533882,35.26581949
8034646,2016,5/4/16,4006,4/18/16,1643,69585,,1,5,4,4006,0,0,0,,0,,HIGUERA,BRIDGE,498,S,N,A,-,N,,,,,,,,,,Y,3,0,2,2,A,-,3,22350,,N,C,C,A,A,H,-,A,A,0,,,,,Y,,A,1,0,1,1,0,0,0,0,0,0,- ,- ,,,SAN LUIS OBISPO,SAN LUIS OBISPO,-120.6704635,35.26585233
8034647,2016,5/4/16,4006,4/19/16,837,61680,,2,5,4,4006,0,0,0,,0,,MURRAY,CASA,0,,Y,A,-,N,,,,,,,,,,Y,4,0,1,3,A,-,12,22450,A,N,D,C,A,A,H,-,A,A,0,,,,,Y,,A,7,0,0,1,0,0,0,0,0,0,- ,- ,,,SAN LUIS OBISPO,SAN LUIS OBISPO,-120.6647799,35.29093007
8034648,2016,5/4/16,4006,4/20/16,1223,49251,SLO,3,5,4,4006,0,0,0,,0,ZONE2,S HIGUERA,GRANADA,9,N,N,A,-,N,,,,,,,,,,N,3,0,1,2,A,-,3,22350,,N,D,C,A,A,H,-,A,A,0,,Y,,,Y,,L,4,0,1,0,0,0,0,1,0,0,- ,- ,,,SAN LUIS OBISPO,SAN LUIS OBISPO,-120.6710769,35.25115225
8034649,2016,5/4/16,4006,4/14/16,1336,69585,,4,5,4,4006,0,0,0,,0,,SANTA ROSA,PEACH,0,,Y,A,-,N,,,,,,,,,,,4,0,1,3,A,-,3,22350,,N,C,C,A,A,H,-,A,D,0,,,,,Y,,A,1,0,0,1,0,0,0,0,0,0,- ,- ,,,SAN LUIS OBISPO,SAN LUIS OBISPO,-120.6621799,35.28513001
8034650,2016,5/4/16,4006,4/13/16,1715,61680,,3,5,4,4006,0,0,0,,0,,CALIFORNIA BL,MONTEREY ST,0,,Y,A,-,N,,,,,,,,,,N,4,0,1,2,D,-,0,,,N,B,G,A,A,H,-,A,A,0,,Y,,,Y,,-,- ,0,0,1,0,0,0,1,0,0,- ,- ,,,SAN LUIS OBISPO,SAN LUIS OBISPO,-120.65461,35.28611005
8034659,2016,2/14/17,4006,4/20/16,1204,61680,,3,5,4,4006,0,0,0,,0,,SANTA ROSA,FOOTHILL,0,,Y,A,-,Y,SLO,5,1,-,-,17.36,H,-,S,Y,4,0,2,2,A,-,3,22350,A,N,C,C,A,A,H,-,A,A,0,,,,,Y,,A,1,0,0,2,0,0,0,0,0,0,- ,- ,,,SAN LUIS OBISPO,SAN LUIS OBISPO,-120.6681966,35.29427409
8039679,2016,5/17/16,4006,4/26/16,1231,69585,,2,5,4,4006,0,0,0,,0,,FOOTHILL,TASSAJARA,111,W,N,A,-,N,,,,,,,,,,Y,3,0,1,2,A,-,5,21650,,N,E,E,A,A,H,-,A,A,0,,,,,Y,,D,22,0,1,0,0,0,0,0,0,0,- ,- ,,,SAN LUIS OBISPO,SAN LUIS OBISPO,-120.6784319,35.29414161
8040355,2016,2/18/17,4006,4/22/16,1433,14848,,5,5,4,4006,0,0,0,,0,,MADONNA,RT 101,160,E,N,A,-,Y,SLO,5,101,-,-,27.43,R,4,S,N,4,0,2,2,A,-,3,22350,,F,C,C,A,A,H,-,A,A,0,,,,,Y,,-,,0,0,2,0,0,0,0,0,0,- ,SF,,,SAN LUIS OBISPO,SAN LUIS OBISPO,-120.6737385,35.26498458
8040371,2016,2/18/17,4006,4/29/16,853,80908,,5,5,4,4006,0,0,0,,0,,LOS OSOS VALLEY RD,RT 101,0,,Y,B,-,Y,SLO,5,101,-,-,26.07,R,4,S,Y,4,0,1,2,A,-,9,21800,A,N,D,C,A,A,H,-,A,A,0,,,Y,,Y,,A,1,0,0,1,0,0,0,0,0,1,- ,SF,,,SAN LUIS OBISPO,SAN LUIS OBISPO,-120.681017,35.24682277
8040375,2016,5/16/16,4006,4/28/16,1205,69585,,4,5,4,4006,0,0,0,,0,,MEADOW,WOODBRIDGE,0,,Y,A,-,N,,,,,,,,,,Y,4,0,1,2,A,-,8,22107,,N,D,C,A,A,H,-,A,A,0,,,,,Y,,A,7,0,0,1,0,0,0,0,0,0,- ,- ,,,SAN LUIS OBISPO,SAN LUIS OBISPO,-120.6581799,35.26731006
8040399,2016,5/16/16,4006,4/29/16,1006,80908,,5,5,4,4006,0,0,0,,0,,HIGUERA,MADONNA,0,,Y,A,-,N,,,,,,,,,,Y,4,0,1,2,A,-,9,21801,A,N,D,C,A,A,H,-,A,A,0,,,,,Y,,A,1,0,0,1,0,0,0,0,0,0,- ,- ,,,SAN LUIS OBISPO,SAN LUIS OBISPO,-120.670461,35.268273
8043634,2016,5/24/16,4006,3/30/16,2017,59350,,3,5,4,4006,0,0,0,,0,,LOS OSOS VALLEY RD,ROYAL WY,0,,Y,A,-,N,,,,,,,,,,Y,4,0,1,2,A,-,9,21801,A,N,D,C,A,A,H,-,A,A,0,,,,,Y,,A,1,0,0,1,0,0,0,0,0,0,- ,- ,,,SAN LUIS OBISPO,SAN LUIS OBISPO,-120.6925599,35.25861
8048307,2016,5/27/16,4006,5/9/16,1329,69585,,1,5,4,4006,0,0,0,,0,,JOHNSON,ELLA,39,N,N,A,-,N,,,,,,,,,,,4,0,2,3,A,-,3,22350,,N,C,C,A,A,H,-,A,A,0,,,,,Y,,D,22,0,0,2,0,0,0,0,0,0,- ,- ,,,SAN LUIS OBISPO,SAN LUIS OBISPO,-120.6491669,35.27747662
8048311,2016,5/27/16,4006,5/10/16,150,36635,,2,5,4,4006,0,0,0,,0,,PEACH,CHORRO,125,W,N,A,-,N,,,,,,,,,,Y,4,0,1,3,A,-,5,21650,A,N,C,E,A,A,H,-,C,A,0,,,,,Y,,A,1,0,0,1,0,0,0,0,0,0,- ,- ,,,SAN LUIS OBISPO,SAN LUIS OBISPO,-120.6660291,35.28285849
8048323,2016,5/26/16,4006,5/4/16,1514,69585,,3,5,4,4006,0,0,0,,0,,HIGUERA,HIGH,35,S,N,A,-,N,,,,,,,,,,N,4,0,1,2,A,-,3,22350,,F,C,C,A,A,H,-,A,A,0,,,,,Y,,A,1,0,0,1,0,0,0,0,0,0,- ,- ,,,SAN LUIS OBISPO,SAN LUIS OBISPO,-120.6698186,35.27210508
8048327,2016,5/26/16,4006,5/12/16,1519,16380,,4,5,4,4006,0,0,0,,0,,MADONNA,RT 101,12,W,N,A,-,N,,,,,,,,,,N,4,0,1,3,A,-,3,22350,,N,C,C,A,A,H,-,A,A,0,,,,,Y,,A,7,0,0,1,0,0,0,0,0,0,- ,- ,,,SAN LUIS OBISPO,SAN LUIS OBISPO,-120.6736609,35.26601978
8050581,2016,6/14/16,4006,5/9/16,1125,69585,,1,5,4,4006,0,0,0,,0,,HIGUERA,OSOS,0,,Y,A,-,N,,,,,,,,,,,3,0,1,2,A,-,10,21950,A,N,G,B,B,A,H,-,A,A,0,Y,,,,Y,,D,22,0,1,0,0,1,0,0,0,0,- ,- ,,,SAN LUIS OBISPO,SAN LUIS OBISPO,-120.66078,35.28116001
8050605,2016,6/11/16,4006,5/25/16,645,16380,,3,5,4,4006,0,0,0,,0,,MADONNA,HIGUERA,50,W,N,A,-,N,,,,,,,,,,N,4,0,1,1,D,-,0,,,N,H,I,A,A,H,-,A,D,0,,,Y,,Y,,-,- ,0,0,1,0,0,0,0,0,1,- ,- ,,,SAN LUIS OBISPO,SAN LUIS OBISPO,-120.6706139,35.26816742
8050607,2016,6/11/16,4006,5/23/16,1451,16380,,1,5,4,4006,0,0,0,,0,,SANTA ROSA,PEACH,30,S,N,A,-,N,,,,,,,,,,N,4,0,1,3,A,-,3,22350,,N,C,C,A,A,H,-,A,D,0,,,,,Y,,A,1,0,0,1,0,0,0,0,0,0,- ,- ,,,SAN LUIS OBISPO,SAN LUIS OBISPO,-120.6621213,35.28506309
8053550,2016,6/9/16,4006,5/22/16,1835,80908,,7,5,4,4006,0,0,0,,0,,OCEANAIRE,AVALON,0,,Y,A,-,N,,,,,,,,,,Y,4,0,1,3,A,-,1,23152,A,N,B,E,A,A,H,-,A,D,0,,,,,Y,Y,D,22,0,0,1,0,0,0,0,0,0,- ,- ,,,SAN LUIS OBISPO,SAN LUIS OBISPO,-120.6890799,35.26412011
8053562,2016,2/14/17,4006,5/12/16,902,16380,,4,5,4,4006,0,0,0,,0,,RT 1,OLIVE,0,,Y,A,-,Y,SLO,5,1,-,-,16.85,I,5,S,N,4,0,2,3,A,-,3,22350,,N,C,C,A,A,H,-,A,A,0,,,,,Y,,D,22,0,0,2,0,0,0,0,0,0,- ,- ,,,SAN LUIS OBISPO,SAN LUIS OBISPO,-120.66433,35.28748396
8053712,2016,6/6/16,4006,5/17/16,1304,69585,,2,5,4,4006,0,0,0,,0,,TANK FARM,LONG,0,,Y,A,-,N,,,,,,,,,,Y,4,0,1,2,A,-,9,21802,A,N,D,C,A,A,H,-,A,B,0,,,,,Y,,A,7,0,0,1,0,0,0,0,0,0,- ,- ,,,SAN LUIS OBISPO,SAN LUIS OBISPO,-120.6711399,35.24681009
8053716,2016,6/6/16,4006,5/15/16,2147,61520,,7,5,4,4006,0,0,0,,0,,LOS OSOS VALLEY,LOS VERDES,464,N,N,A,-,N,,,,,,,,,,N,3,0,1,2,A,-,17,21208,A,N,C,G,A,A,H,-,C,A,0,,Y,,,Y,,L,4,0,1,0,0,0,0,1,0,0,- ,- ,,,SAN LUIS OBISPO,SAN LUIS OBISPO,-120.67816,35.24243
8053720,2016,6/6/16,4006,5/22/16,1602,80908,,7,5,4,4006,0,0,0,,0,,ATASCADERO,GULF,402,W,N,A,-,N,,,,,,,,,,N,3,0,1,2,B,-,22,,,N,D,B,F,A,-,-,A,D,0,Y,Y,,,Y,,L,4,0,1,0,0,1,0,0,0,0,- ,- ,,,SAN LUIS OBISPO,SAN LUIS OBISPO,-120.6865399,35.25937854
8053724,2016,2/14/17,4006,5/20/16,1318,80908,,5,5,4,4006,0,0,0,,0,,SANTA ROSA,FOOTHILL,0,,Y,A,-,Y,SLO,5,1,-,-,17.36,H,-,S,N,2,0,1,2,A,-,3,22350,,N,C,C,A,A,H,-,A,A,0,,,Y,,Y,,C,3,1,0,0,0,0,0,0,0,1,- ,- ,,,SAN LUIS OBISPO,SAN LUIS OBISPO,-120.6681966,35.29427409
8053728,2016,6/6/16,4006,5/20/16,1347,80908,,5,5,4,4006,0,0,0,,0,,FOOTHILL,SANTA ROSA,240,E,N,A,-,N,,,,,,,,,,N,3,0,1,2,A,-,9,21804,A,N,D,C,A,A,H,-,A,A,0,,,,,Y,,A,1,0,1,0,0,0,0,0,0,0,- ,- ,,,SAN LUIS OBISPO,SAN LUIS OBISPO,-120.6672559,35.29407
8060815,2016,2/14/17,4006,5/23/16,1538,16380,,1,5,4,4006,0,0,0,,0,,RT 1,MONTALBAN,1,N,N,A,-,Y,SLO,5,1,-,-,16.92,I,5,N,N,4,0,1,2,A,-,10,21950,A,N,G,B,B,A,H,-,A,A,0,Y,,,,Y,,A,1,0,0,1,0,1,0,0,0,0,- ,- ,,,SAN LUIS OBISPO,SAN LUIS OBISPO,-120.6649736,35.28834828
8062094,2016,6/30/16,4006,5/31/16,1516,69585,,2,5,4,4006,0,0,0,,0,,HIGUERA,PRADO,0,,Y,A,-,N,,,,,,,,,,Y,3,0,1,2,A,-,12,21453,A,N,D,C,A,A,H,-,A,A,0,,,,,Y,,A,1,0,1,0,0,0,0,0,0,0,- ,- ,,,SAN LUIS OBISPO,SAN LUIS OBISPO,-120.6690199,35.25462006
8064879,2016,8/29/16,4006,5/3/16,1135,50316,CPPD,2,5,4,4006,0,0,0,,0,,VILLAGE DR,POLY CANYON RD,203,,N,A,-,N,,,,,,,,,,N,3,0,1,1,A,-,3,22350,,N,F,A,A,A,H,-,A,A,0,,Y,,,Y,,L,4,0,1,0,0,0,0,1,0,0,- ,- ,35.18163,-120.3934,SAN LUIS OBISPO,SAN LUIS OBISPO,-120.65853,35.30439004
8065156,2016,8/29/16,4006,5/31/16,1806,69585,,2,5,4,4006,0,0,0,,0,,BROAD,FIERO,107,N,N,A,-,N,,,,,,,,,,Y,3,0,1,2,A,-,1,23153,B,N,C,C,A,A,H,-,A,A,0,,,,,Y,Y,A,7,0,1,0,0,0,0,0,0,0,- ,- ,,,SAN LUIS OBISPO,SAN LUIS OBISPO,-120.6412991,35.24495086
8070294,2016,6/28/16,4006,6/1/16,1458,10817,,3,5,4,4006,0,0,0,,0,,SACRAMENTO,VIA ESTEBAN,79,N,N,A,-,N,,,,,,,,,,Y,3,0,1,3,A,-,8,22107,,N,B,E,A,A,H,-,A,D,0,,,,,Y,,A,1,0,1,0,0,0,0,0,0,0,- ,- ,,,SAN LUIS OBISPO,SAN LUIS OBISPO,-120.6458141,35.25805749
8070298,2016,6/28/16,4006,6/8/16,1745,60659,,3,5,4,4006,0,0,0,,0,,JOHNSON,SAN LUIS DR,90,S,N,A,-,N,,,,,,,,,,Y,4,0,1,3,A,-,3,22350,,N,C,C,A,A,H,-,A,A,0,,,,,Y,,D,22,0,0,1,0,0,0,0,0,0,- ,- ,,,SAN LUIS OBISPO,SAN LUIS OBISPO,-120.6517653,35.28038631
8070302,2016,6/29/16,4006,6/9/16,1430,68823,,4,5,4,4006,0,0,0,,0,,FERRINI,HIGHLAND,70,S,N,A,-,N,,,,,,,,,,N,4,0,1,2,A,-,21,22106,,N,C,C,A,A,H,-,A,D,0,,,,Y,Y,,F,26,0,0,1,0,0,0,0,0,0,- ,- ,,,SAN LUIS OBISPO,SAN LUIS OBISPO,-120.6742846,35.29808298
8070421,2016,7/14/16,4006,6/1/16,1140,87540,SLO,3,5,4,4006,0,0,0,,0,ZONE2,HIGUERA,MADONNA,51,N,N,A,-,N,,,,,,,,,,N,4,0,1,2,A,-,3,22350,,N,C,C,A,A,H,-,A,A,0,,,,,Y,,A,1,0,0,1,0,0,0,0,0,0,- ,- ,,,SAN LUIS OBISPO,SAN LUIS OBISPO,-120.6704512,35.26840675
8070425,2016,6/29/16,4006,6/2/16,1318,69585,,4,5,4,4006,0,0,0,,0,,BROAD,TANK FARM,139,S,N,A,-,N,,,,,,,,,,Y,4,0,2,2,A,-,3,22350,,N,C,C,A,A,H,-,A,A,0,,,,,Y,,A,1,0,0,2,0,0,0,0,0,0,- ,- ,,,SAN LUIS OBISPO,SAN LUIS OBISPO,-120.6428348,35.2479997
8070429,2016,6/29/16,4006,6/7/16,1735,63365,,2,5,4,4006,0,0,0,,0,,HIGUERA,BROAD,0,,Y,A,-,N,,,,,,,,,,N,3,0,1,2,A,-,10,21950,A,N,G,B,B,A,H,-,A,A,0,Y,,,,Y,,A,1,0,1,0,0,1,0,0,0,0,- ,- ,,,SAN LUIS OBISPO,SAN LUIS OBISPO,-120.6644999,35.27891004
8070433,2016,6/29/16,4006,6/8/16,1549,16380,,3,5,4,4006,0,0,0,,0,,LOS OSOS VALLEY,PREFUMO CANYON,56,W,N,A,-,N,,,,,,,,,,Y,4,0,1,2,A,-,3,22350,,N,C,C,A,A,H,-,A,D,0,,,,,Y,,A,1,0,0,1,0,0,0,0,0,0,- ,- ,,,SAN LUIS OBISPO,SAN LUIS OBISPO,-120.6985302,35.26364076
8073700,2016,7/13/16,4006,6/20/16,1630,16380,,1,5,4,4006,0,0,0,,0,,SACRAMENTO,RICARDO,332,S,N,A,-,N,,,,,,,,,,N,4,0,1,2,A,-,9,21804,A,N,D,C,A,A,H,-,A,D,0,,,Y,,Y,,A,1,0,0,1,0,0,0,0,0,1,- ,- ,,,SAN LUIS OBISPO,SAN LUIS OBISPO,-120.642454,35.25554065